2026-07-28 19:26:12 [INFO] [628394] [628394] [kernel_parser_worker.cpp:42] Start run KernelParserWorker
2026-07-28 19:26:12 [INFO] [628394] [628395] [kernel_parser_worker.cpp:54] Start parse hash data
2026-07-28 19:26:12 [INFO] [628394] [628396] [kernel_parser_worker.cpp:58] Start parse type info data
2026-07-28 19:26:12 [INFO] [628394] [628395] [kernel_parser_worker.cpp:74] Hash data load from path: /data/liuke/swiglu_graph_validation_20260728/profiler/graph-off/msprof/PROF_000001_20260728192448720_LHKINORPARAKRJBA/host/data
2026-07-28 19:26:12 [INFO] [628394] [628396] [kernel_parser_worker.cpp:97] Typeinfo data load from path: /data/liuke/swiglu_graph_validation_20260728/profiler/graph-off/msprof/PROF_000001_20260728192448720_LHKINORPARAKRJBA/host/data
2026-07-28 19:26:12 [INFO] [628394] [628395] [kernel_parser_worker.cpp:76] Start load runtime op info data
2026-07-28 19:26:12 [INFO] [628394] [628395] [kernel_parser_worker.cpp:79] success get hash data
2026-07-28 19:26:12 [INFO] [628394] [628395] [kernel_parser_worker.cpp:86] success get hashDbDumper
2026-07-28 19:26:12 [INFO] [628394] [628395] [db_runner.cpp:49] Start create GeHashInfo
2026-07-28 19:26:12 [INFO] [628394] [628396] [db_runner.cpp:49] Start create TypeHashInfo
2026-07-28 19:26:12 [INFO] [628394] [628395] [db_runner.cpp:62] create GeHashInfo success
2026-07-28 19:26:12 [INFO] [628394] [628395] [db_runner.h:57] Start insert data to GeHashInfo
2026-07-28 19:26:12 [INFO] [628394] [628396] [db_runner.cpp:62] create TypeHashInfo success
2026-07-28 19:26:12 [INFO] [628394] [628396] [db_runner.h:57] Start insert data to TypeHashInfo
2026-07-28 19:26:12 [INFO] [628394] [628396] [db_runner.h:68] insert data to TypeHashInfo success
2026-07-28 19:26:12 [INFO] [628394] [628396] [base_dumper.h:52] Dump TypeHashInfo data success
2026-07-28 19:26:12 [INFO] [628394] [628395] [db_runner.h:68] insert data to GeHashInfo success
2026-07-28 19:26:12 [INFO] [628394] [628395] [base_dumper.h:52] Dump GeHashInfo data success
2026-07-28 19:26:12 [INFO] [628394] [628394] [time_logger.h:28] HostTraceWorker start
2026-07-28 19:26:12 [INFO] [628394] [628394] [time_logger.h:28] Group all events start
2026-07-28 19:26:12 [INFO] [628394] [628398] [time_logger.h:28] Group Kernel start
2026-07-28 19:26:12 [INFO] [628394] [628399] [time_logger.h:28] Group GraphIdMap start
2026-07-28 19:26:12 [INFO] [628394] [628401] [time_logger.h:28] Group FusionOpInfo start
2026-07-28 19:26:12 [INFO] [628394] [628402] [time_logger.h:28] Group NodeBasicInfo start
2026-07-28 19:26:12 [INFO] [628394] [628400] [time_logger.h:28] Group NodeAttrInfo start
2026-07-28 19:26:12 [INFO] [628394] [628405] [time_logger.h:28] Group TensorInfo start
2026-07-28 19:26:12 [INFO] [628394] [628404] [time_logger.h:28] Group ContextId start
2026-07-28 19:26:12 [INFO] [628394] [628403] [time_logger.h:28] Group HcclInfo start
2026-07-28 19:26:12 [INFO] [628394] [628401] [time_logger.h:35] Group FusionOpInfo end, cost time = 0 ms
2026-07-28 19:26:12 [INFO] [628394] [628399] [time_logger.h:35] Group GraphIdMap end, cost time = 0 ms
2026-07-28 19:26:12 [INFO] [628394] [628401] [time_logger.h:28] Group TaskTrack start
2026-07-28 19:26:12 [INFO] [628394] [628400] [time_logger.h:35] Group NodeAttrInfo end, cost time = 0 ms
2026-07-28 19:26:12 [INFO] [628394] [628399] [time_logger.h:28] Group HcclOpInfo start
2026-07-28 19:26:12 [INFO] [628394] [628399] [time_logger.h:35] Group HcclOpInfo end, cost time = 3 ms
2026-07-28 19:26:12 [INFO] [628394] [628404] [time_logger.h:35] Group ContextId end, cost time = 6 ms
2026-07-28 19:26:12 [INFO] [628394] [628402] [time_logger.h:35] Group NodeBasicInfo end, cost time = 23 ms
2026-07-28 19:26:12 [INFO] [628394] [628403] [time_logger.h:35] Group HcclInfo end, cost time = 41 ms
2026-07-28 19:26:12 [INFO] [628394] [628401] [time_logger.h:35] Group TaskTrack end, cost time = 44 ms
2026-07-28 19:26:12 [INFO] [628394] [628405] [time_logger.h:35] Group TensorInfo end, cost time = 68 ms
2026-07-28 19:26:12 [INFO] [628394] [628398] [time_logger.h:35] Group Kernel end, cost time = 143 ms
2026-07-28 19:26:12 [INFO] [628394] [628394] [event_grouper.cpp:122] After group events, Kernel: 6046, GraphId: 0, FusionOp: 0, NodeBasic: 0, NodeAttr: 0, Tensor: 0, ContextId: 0, HcclInfo: 0, TaskTrack: 0, HcclOpInfo: 0, thread: 626375
2026-07-28 19:26:12 [INFO] [628394] [628394] [event_grouper.cpp:122] After group events, Kernel: 2, GraphId: 0, FusionOp: 0, NodeBasic: 0, NodeAttr: 0, Tensor: 0, ContextId: 0, HcclInfo: 0, TaskTrack: 0, HcclOpInfo: 0, thread: 626605
2026-07-28 19:26:12 [INFO] [628394] [628394] [event_grouper.cpp:122] After group events, Kernel: 0, GraphId: 0, FusionOp: 0, NodeBasic: 0, NodeAttr: 0, Tensor: 0, ContextId: 0, HcclInfo: 0, TaskTrack: 1, HcclOpInfo: 0, thread: 626612
2026-07-28 19:26:12 [INFO] [628394] [628394] [event_grouper.cpp:122] After group events, Kernel: 1852, GraphId: 0, FusionOp: 0, NodeBasic: 0, NodeAttr: 0, Tensor: 0, ContextId: 0, HcclInfo: 0, TaskTrack: 0, HcclOpInfo: 0, thread: 626626
2026-07-28 19:26:12 [INFO] [628394] [628394] [event_grouper.cpp:122] After group events, Kernel: 41426, GraphId: 0, FusionOp: 0, NodeBasic: 16622, NodeAttr: 0, Tensor: 14700, ContextId: 1950, HcclInfo: 15162, TaskTrack: 25890, HcclOpInfo: 1826, thread: 626635
2026-07-28 19:26:12 [INFO] [628394] [628394] [time_logger.h:35] Group all events end, cost time = 144 ms
2026-07-28 19:26:12 [INFO] [628394] [628407] [time_logger.h:28] Dump api data start start
2026-07-28 19:26:12 [INFO] [628394] [628408] [time_logger.h:28] Dump model name data start start
2026-07-28 19:26:12 [INFO] [628394] [628409] [time_logger.h:28] Multi thread build tree start
2026-07-28 19:26:12 [INFO] [628394] [628415] [time_logger.h:28] Dump flip tasks data start start
2026-07-28 19:26:12 [WARN] [628394] [628408] [base_dumper.h:38] Input data is empty, pass dump
2026-07-28 19:26:12 [WARN] [628394] [628415] [base_dumper.h:38] Input data is empty, pass dump
2026-07-28 19:26:12 [INFO] [628394] [628408] [time_logger.h:35] Dump model name data start end, cost time = 2 ms
2026-07-28 19:26:12 [INFO] [628394] [628415] [time_logger.h:35] Dump flip tasks data start end, cost time = 2 ms
2026-07-28 19:26:12 [INFO] [628394] [628417] [host_trace_worker.cpp:66] Start multi thread build tree, threadId = 626375
2026-07-28 19:26:12 [INFO] [628394] [628419] [host_trace_worker.cpp:66] Start multi thread build tree, threadId = 626612
2026-07-28 19:26:12 [INFO] [628394] [628425] [host_trace_worker.cpp:66] Start multi thread build tree, threadId = 626605
2026-07-28 19:26:12 [INFO] [628394] [628418] [host_trace_worker.cpp:66] Start multi thread build tree, threadId = 626626
2026-07-28 19:26:12 [INFO] [628394] [628425] [event_queue.cpp:70] EventQueue for thread 626605 is empty
2026-07-28 19:26:12 [INFO] [628394] [628420] [host_trace_worker.cpp:66] Start multi thread build tree, threadId = 626635
2026-07-28 19:26:12 [INFO] [628394] [628425] [event_queue.cpp:70] EventQueue for thread 626605 is empty
2026-07-28 19:26:12 [WARN] [628394] [628430] [tree_builder.cpp:188] No Events, event type: 2, threadId = 626612
2026-07-28 19:26:12 [WARN] [628394] [628427] [tree_builder.cpp:188] No Events, event type: 8, threadId = 626605
2026-07-28 19:26:12 [WARN] [628394] [628426] [tree_builder.cpp:188] No Events, event type: 8, threadId = 626612
2026-07-28 19:26:12 [WARN] [628394] [628431] [tree_builder.cpp:188] No Events, event type: 6, threadId = 626605
2026-07-28 19:26:12 [WARN] [628394] [628430] [tree_builder.cpp:188] No Events, event type: 3, threadId = 626612
2026-07-28 19:26:12 [WARN] [628394] [628429] [tree_builder.cpp:188] No Events, event type: 2, threadId = 626605
2026-07-28 19:26:12 [WARN] [628394] [628428] [tree_builder.cpp:188] No Events, event type: 6, threadId = 626612
2026-07-28 19:26:12 [WARN] [628394] [628431] [tree_builder.cpp:188] No Events, event type: 5, threadId = 626605
2026-07-28 19:26:12 [WARN] [628394] [628430] [tree_builder.cpp:188] No Events, event type: 4, threadId = 626612
2026-07-28 19:26:12 [WARN] [628394] [628429] [tree_builder.cpp:188] No Events, event type: 3, threadId = 626605
2026-07-28 19:26:12 [INFO] [628394] [628407] [db_runner.cpp:49] Start create ApiData
2026-07-28 19:26:12 [INFO] [628394] [628418] [event_queue.cpp:70] EventQueue for thread 626626 is empty
2026-07-28 19:26:12 [WARN] [628394] [628428] [tree_builder.cpp:188] No Events, event type: 5, threadId = 626612
2026-07-28 19:26:12 [WARN] [628394] [628430] [tree_builder.cpp:188] No Events, event type: 6, threadId = 626612
2026-07-28 19:26:12 [WARN] [628394] [628429] [tree_builder.cpp:188] No Events, event type: 4, threadId = 626605
2026-07-28 19:26:12 [INFO] [628394] [628418] [event_queue.cpp:70] EventQueue for thread 626626 is empty
2026-07-28 19:26:12 [WARN] [628394] [628430] [tree_builder.cpp:188] No Events, event type: 10, threadId = 626612
2026-07-28 19:26:12 [WARN] [628394] [628429] [tree_builder.cpp:188] No Events, event type: 6, threadId = 626605
2026-07-28 19:26:12 [WARN] [628394] [628429] [tree_builder.cpp:188] No Events, event type: 10, threadId = 626605
2026-07-28 19:26:12 [INFO] [628394] [628419] [tree_builder.cpp:69] Build Tree End, ThreadId = 626612
2026-07-28 19:26:12 [INFO] [628394] [628425] [tree_builder.cpp:264] TaskTrack Events have been processed, threadId = 626605
2026-07-28 19:26:12 [INFO] [628394] [628419] [host_trace_worker.cpp:76] Multi thread build tree done, threadId = 626612
2026-07-28 19:26:12 [INFO] [628394] [628425] [tree_builder.cpp:69] Build Tree End, ThreadId = 626605
2026-07-28 19:26:12 [INFO] [628394] [628425] [host_trace_worker.cpp:76] Multi thread build tree done, threadId = 626605
2026-07-28 19:26:12 [WARN] [628394] [628432] [tree_builder.cpp:188] No Events, event type: 8, threadId = 626626
2026-07-28 19:26:12 [WARN] [628394] [628433] [tree_builder.cpp:188] No Events, event type: 2, threadId = 626626
2026-07-28 19:26:12 [WARN] [628394] [628434] [tree_builder.cpp:188] No Events, event type: 6, threadId = 626626
2026-07-28 19:26:12 [WARN] [628394] [628433] [tree_builder.cpp:188] No Events, event type: 3, threadId = 626626
2026-07-28 19:26:12 [WARN] [628394] [628434] [tree_builder.cpp:188] No Events, event type: 5, threadId = 626626
2026-07-28 19:26:12 [WARN] [628394] [628433] [tree_builder.cpp:188] No Events, event type: 4, threadId = 626626
2026-07-28 19:26:12 [WARN] [628394] [628433] [tree_builder.cpp:188] No Events, event type: 6, threadId = 626626
2026-07-28 19:26:12 [WARN] [628394] [628433] [tree_builder.cpp:188] No Events, event type: 10, threadId = 626626
2026-07-28 19:26:12 [INFO] [628394] [628418] [tree_builder.cpp:264] TaskTrack Events have been processed, threadId = 626626
2026-07-28 19:26:12 [INFO] [628394] [628418] [tree_builder.cpp:69] Build Tree End, ThreadId = 626626
2026-07-28 19:26:12 [INFO] [628394] [628418] [host_trace_worker.cpp:76] Multi thread build tree done, threadId = 626626
2026-07-28 19:26:12 [INFO] [628394] [628407] [db_runner.cpp:62] create ApiData success
2026-07-28 19:26:12 [INFO] [628394] [628417] [event_queue.cpp:70] EventQueue for thread 626375 is empty
2026-07-28 19:26:12 [INFO] [628394] [628417] [event_queue.cpp:70] EventQueue for thread 626375 is empty
2026-07-28 19:26:12 [WARN] [628394] [628437] [tree_builder.cpp:188] No Events, event type: 8, threadId = 626375
2026-07-28 19:26:12 [WARN] [628394] [628437] [tree_builder.cpp:188] No Events, event type: 6, threadId = 626375
2026-07-28 19:26:12 [WARN] [628394] [628435] [tree_builder.cpp:188] No Events, event type: 2, threadId = 626375
2026-07-28 19:26:12 [WARN] [628394] [628437] [tree_builder.cpp:188] No Events, event type: 5, threadId = 626375
2026-07-28 19:26:12 [WARN] [628394] [628435] [tree_builder.cpp:188] No Events, event type: 3, threadId = 626375
2026-07-28 19:26:12 [WARN] [628394] [628435] [tree_builder.cpp:188] No Events, event type: 4, threadId = 626375
2026-07-28 19:26:12 [WARN] [628394] [628435] [tree_builder.cpp:188] No Events, event type: 6, threadId = 626375
2026-07-28 19:26:12 [WARN] [628394] [628435] [tree_builder.cpp:188] No Events, event type: 10, threadId = 626375
2026-07-28 19:26:12 [INFO] [628394] [628417] [tree_builder.cpp:264] TaskTrack Events have been processed, threadId = 626375
2026-07-28 19:26:12 [INFO] [628394] [628417] [tree_builder.cpp:69] Build Tree End, ThreadId = 626375
2026-07-28 19:26:12 [INFO] [628394] [628417] [host_trace_worker.cpp:76] Multi thread build tree done, threadId = 626375
2026-07-28 19:26:12 [INFO] [628394] [628420] [event_queue.cpp:70] EventQueue for thread 626635 is empty
2026-07-28 19:26:12 [INFO] [628394] [628420] [event_queue.cpp:70] EventQueue for thread 626635 is empty
2026-07-28 19:26:12 [WARN] [628394] [628439] [tree_builder.cpp:188] No Events, event type: 8, threadId = 626635
2026-07-28 19:26:12 [INFO] [628394] [628440] [tree_builder.cpp:230] Add LevelEvents done, threadId = 626635, event type: 6, matchCnt = 1826, mismatchCnt = 0 
2026-07-28 19:26:12 [INFO] [628394] [628440] [tree_builder.cpp:230] Add LevelEvents done, threadId = 626635, event type: 5, matchCnt = 15162, mismatchCnt = 0 
2026-07-28 19:26:12 [INFO] [628394] [628438] [tree_builder.cpp:230] Add LevelEvents done, threadId = 626635, event type: 2, matchCnt = 16622, mismatchCnt = 0 
2026-07-28 19:26:12 [WARN] [628394] [628438] [tree_builder.cpp:188] No Events, event type: 3, threadId = 626635
2026-07-28 19:26:12 [INFO] [628394] [628438] [tree_builder.cpp:230] Add LevelEvents done, threadId = 626635, event type: 4, matchCnt = 14700, mismatchCnt = 0 
2026-07-28 19:26:12 [INFO] [628394] [628438] [tree_builder.cpp:230] Add LevelEvents done, threadId = 626635, event type: 6, matchCnt = 124, mismatchCnt = 0 
2026-07-28 19:26:12 [INFO] [628394] [628438] [tree_builder.cpp:230] Add LevelEvents done, threadId = 626635, event type: 10, matchCnt = 1826, mismatchCnt = 0 
2026-07-28 19:26:12 [INFO] [628394] [628407] [db_runner.h:57] Start insert data to ApiData
2026-07-28 19:26:12 [INFO] [628394] [628420] [tree_builder.cpp:69] Build Tree End, ThreadId = 626635
2026-07-28 19:26:12 [INFO] [628394] [628420] [host_trace_worker.cpp:76] Multi thread build tree done, threadId = 626635
2026-07-28 19:26:12 [INFO] [628394] [628409] [time_logger.h:35] Multi thread build tree end, cost time = 64 ms
2026-07-28 19:26:12 [INFO] [628394] [628409] [time_logger.h:28] Multi thread analyze tree and dump data start
2026-07-28 19:26:12 [INFO] [628394] [628441] [host_trace_worker.cpp:92] Start analyze tree and dump data, threadId = 626612
2026-07-28 19:26:12 [INFO] [628394] [628450] [host_trace_worker.cpp:92] Start analyze tree and dump data, threadId = 626605
2026-07-28 19:26:12 [INFO] [628394] [628445] [host_trace_worker.cpp:92] Start analyze tree and dump data, threadId = 626635
2026-07-28 19:26:12 [INFO] [628394] [628450] [time_logger.h:28] Dump CANN data start
2026-07-28 19:26:12 [INFO] [628394] [628441] [time_logger.h:28] Dump CANN data start
2026-07-28 19:26:12 [INFO] [628394] [628443] [host_trace_worker.cpp:92] Start analyze tree and dump data, threadId = 626626
2026-07-28 19:26:12 [INFO] [628394] [628442] [host_trace_worker.cpp:92] Start analyze tree and dump data, threadId = 626375
2026-07-28 19:26:12 [INFO] [628394] [628453] [cann_trace_db_dumper.cpp:144] Empty hccl OPs
2026-07-28 19:26:12 [INFO] [628394] [628451] [time_logger.h:28] Dump host tasks start
2026-07-28 19:26:12 [INFO] [628394] [628454] [cann_trace_db_dumper.cpp:144] Empty hccl OPs
2026-07-28 19:26:12 [INFO] [628394] [628455] [cann_trace_db_dumper.cpp:212] Empty kernel tasks
2026-07-28 19:26:12 [INFO] [628394] [628453] [cann_trace_db_dumper.cpp:389] Empty hccl tasks
2026-07-28 19:26:12 [INFO] [628394] [628452] [cann_trace_db_dumper.cpp:442] Empty geFusionOps
2026-07-28 19:26:12 [INFO] [628394] [628454] [cann_trace_db_dumper.cpp:389] Empty hccl tasks
2026-07-28 19:26:12 [INFO] [628394] [628443] [time_logger.h:28] Dump CANN data start
2026-07-28 19:26:12 [INFO] [628394] [628457] [cann_trace_db_dumper.cpp:442] Empty geFusionOps
2026-07-28 19:26:12 [INFO] [628394] [628458] [cann_trace_db_dumper.cpp:212] Empty kernel tasks
2026-07-28 19:26:12 [INFO] [628394] [628456] [cann_trace_db_dumper.cpp:177] Empty host tasks
2026-07-28 19:26:12 [INFO] [628394] [628451] [db_runner.cpp:49] Start create HostTask
2026-07-28 19:26:12 [INFO] [628394] [628460] [cann_trace_db_dumper.cpp:144] Empty hccl OPs
2026-07-28 19:26:12 [INFO] [628394] [628461] [cann_trace_db_dumper.cpp:177] Empty host tasks
2026-07-28 19:26:12 [INFO] [628394] [628450] [time_logger.h:35] Dump CANN data end, cost time = 2 ms
2026-07-28 19:26:12 [INFO] [628394] [628459] [cann_trace_db_dumper.cpp:442] Empty geFusionOps
2026-07-28 19:26:12 [INFO] [628394] [628442] [time_logger.h:28] Dump CANN data start
2026-07-28 19:26:12 [INFO] [628394] [628460] [cann_trace_db_dumper.cpp:389] Empty hccl tasks
2026-07-28 19:26:12 [INFO] [628394] [628462] [cann_trace_db_dumper.cpp:212] Empty kernel tasks
2026-07-28 19:26:12 [INFO] [628394] [628450] [host_trace_worker.cpp:100] Dump cann trace data done, threadId = 626605
2026-07-28 19:26:12 [INFO] [628394] [628443] [time_logger.h:35] Dump CANN data end, cost time = 2 ms
2026-07-28 19:26:12 [INFO] [628394] [628443] [host_trace_worker.cpp:100] Dump cann trace data done, threadId = 626626
2026-07-28 19:26:12 [INFO] [628394] [628463] [cann_trace_db_dumper.cpp:144] Empty hccl OPs
2026-07-28 19:26:12 [INFO] [628394] [628466] [cann_trace_db_dumper.cpp:177] Empty host tasks
2026-07-28 19:26:12 [INFO] [628394] [628464] [cann_trace_db_dumper.cpp:442] Empty geFusionOps
2026-07-28 19:26:12 [INFO] [628394] [628463] [cann_trace_db_dumper.cpp:389] Empty hccl tasks
2026-07-28 19:26:12 [INFO] [628394] [628465] [cann_trace_db_dumper.cpp:212] Empty kernel tasks
2026-07-28 19:26:12 [INFO] [628394] [628442] [time_logger.h:35] Dump CANN data end, cost time = 1 ms
2026-07-28 19:26:12 [INFO] [628394] [628442] [host_trace_worker.cpp:100] Dump cann trace data done, threadId = 626375
2026-07-28 19:26:12 [INFO] [628394] [628451] [db_runner.cpp:62] create HostTask success
2026-07-28 19:26:12 [INFO] [628394] [628451] [db_runner.h:57] Start insert data to HostTask
2026-07-28 19:26:12 [INFO] [628394] [628451] [db_runner.h:68] insert data to HostTask success
2026-07-28 19:26:12 [INFO] [628394] [628451] [time_logger.h:35] Dump host tasks end, cost time = 4 ms
2026-07-28 19:26:12 [INFO] [628394] [628441] [time_logger.h:35] Dump CANN data end, cost time = 4 ms
2026-07-28 19:26:12 [INFO] [628394] [628441] [host_trace_worker.cpp:100] Dump cann trace data done, threadId = 626612
2026-07-28 19:26:13 [INFO] [628394] [628445] [time_logger.h:28] Dump CANN data start
2026-07-28 19:26:13 [INFO] [628394] [628468] [cann_trace_db_dumper.cpp:442] Empty geFusionOps
2026-07-28 19:26:13 [INFO] [628394] [628470] [time_logger.h:28] Dump hccl OPs start
2026-07-28 19:26:13 [INFO] [628394] [628470] [db_runner.cpp:49] Start create HCCLOP
2026-07-28 19:26:13 [INFO] [628394] [628469] [time_logger.h:28] DumpOpDesc Start start
2026-07-28 19:26:13 [INFO] [628394] [628469] [db_runner.cpp:49] Start create TaskInfo
2026-07-28 19:26:13 [INFO] [628394] [628470] [db_runner.cpp:62] create HCCLOP success
2026-07-28 19:26:13 [INFO] [628394] [628469] [db_runner.cpp:62] create TaskInfo success
2026-07-28 19:26:13 [INFO] [628394] [628467] [time_logger.h:28] Dump host tasks start
2026-07-28 19:26:13 [INFO] [628394] [628467] [db_runner.cpp:49] Start create HostTask
2026-07-28 19:26:13 [INFO] [628394] [628467] [db_runner.cpp:62] create HostTask success
2026-07-28 19:26:13 [ERROR] [628394] [628469] [number_mapping.cpp:267] Unknown key: 65535, type: 0
2026-07-28 19:26:13 [ERROR] [628394] [628469] [number_mapping.cpp:267] Unknown key: 65535, type: 0
2026-07-28 19:26:13 [ERROR] [628394] [628469] [number_mapping.cpp:267] Unknown key: 65535, type: 0
2026-07-28 19:26:13 [ERROR] [628394] [628469] [number_mapping.cpp:267] Unknown key: 65535, type: 0
2026-07-28 19:26:13 [ERROR] [628394] [628469] [number_mapping.cpp:267] Unknown key: 65535, type: 0
2026-07-28 19:26:13 [ERROR] [628394] [628469] [number_mapping.cpp:267] Unknown key: 65535, type: 0
2026-07-28 19:26:13 [ERROR] [628394] [628469] [number_mapping.cpp:267] Unknown key: 65535, type: 0
2026-07-28 19:26:13 [ERROR] [628394] [628469] [number_mapping.cpp:267] Unknown key: 65535, type: 0
2026-07-28 19:26:13 [ERROR] [628394] [628469] [number_mapping.cpp:267] Unknown key: 65535, type: 0
2026-07-28 19:26:13 [ERROR] [628394] [628469] [number_mapping.cpp:267] Unknown key: 65535, type: 0
2026-07-28 19:26:13 [ERROR] [628394] [628469] [number_mapping.cpp:267] Unknown key: 65535, type: 0
2026-07-28 19:26:13 [ERROR] [628394] [628469] [number_mapping.cpp:267] Unknown key: 65535, type: 0
2026-07-28 19:26:13 [ERROR] [628394] [628469] [number_mapping.cpp:267] Unknown key: 65535, type: 0
2026-07-28 19:26:13 [ERROR] [628394] [628469] [number_mapping.cpp:267] Unknown key: 65535, type: 0
2026-07-28 19:26:13 [ERROR] [628394] [628469] [number_mapping.cpp:267] Unknown key: 65535, type: 0
2026-07-28 19:26:13 [ERROR] [628394] [628469] [number_mapping.cpp:267] Unknown key: 65535, type: 0
2026-07-28 19:26:13 [ERROR] [628394] [628469] [number_mapping.cpp:267] Unknown key: 65535, type: 0
2026-07-28 19:26:13 [ERROR] [628394] [628469] [number_mapping.cpp:267] Unknown key: 65535, type: 0
2026-07-28 19:26:13 [INFO] [628394] [628470] [db_runner.h:57] Start insert data to HCCLOP
2026-07-28 19:26:13 [ERROR] [628394] [628469] [number_mapping.cpp:267] Unknown key: 65535, type: 0
2026-07-28 19:26:13 [ERROR] [628394] [628469] [number_mapping.cpp:267] Unknown key: 65535, type: 0
2026-07-28 19:26:13 [ERROR] [628394] [628469] [number_mapping.cpp:267] Unknown key: 65535, type: 0
2026-07-28 19:26:13 [ERROR] [628394] [628469] [number_mapping.cpp:267] Unknown key: 65535, type: 0
2026-07-28 19:26:13 [ERROR] [628394] [628469] [number_mapping.cpp:267] Unknown key: 65535, type: 0
2026-07-28 19:26:13 [ERROR] [628394] [628469] [number_mapping.cpp:267] Unknown key: 65535, type: 0
2026-07-28 19:26:13 [ERROR] [628394] [628469] [number_mapping.cpp:267] Unknown key: 65535, type: 0
2026-07-28 19:26:13 [ERROR] [628394] [628469] [number_mapping.cpp:267] Unknown key: 65535, type: 0
2026-07-28 19:26:13 [ERROR] [628394] [628469] [number_mapping.cpp:267] Unknown key: 65535, type: 0
2026-07-28 19:26:13 [ERROR] [628394] [628469] [number_mapping.cpp:267] Unknown key: 65535, type: 0
2026-07-28 19:26:13 [ERROR] [628394] [628469] [number_mapping.cpp:267] Unknown key: 65535, type: 0
2026-07-28 19:26:13 [ERROR] [628394] [628469] [number_mapping.cpp:267] Unknown key: 65535, type: 0
2026-07-28 19:26:13 [ERROR] [628394] [628469] [number_mapping.cpp:267] Unknown key: 65535, type: 0
2026-07-28 19:26:13 [ERROR] [628394] [628469] [number_mapping.cpp:267] Unknown key: 65535, type: 0
2026-07-28 19:26:13 [ERROR] [628394] [628469] [number_mapping.cpp:267] Unknown key: 65535, type: 0
2026-07-28 19:26:13 [ERROR] [628394] [628469] [number_mapping.cpp:267] Unknown key: 65535, type: 0
2026-07-28 19:26:13 [ERROR] [628394] [628469] [number_mapping.cpp:267] Unknown key: 65535, type: 0
2026-07-28 19:26:13 [ERROR] [628394] [628469] [number_mapping.cpp:267] Unknown key: 65535, type: 0
2026-07-28 19:26:13 [ERROR] [628394] [628469] [number_mapping.cpp:267] Unknown key: 65535, type: 0
2026-07-28 19:26:13 [ERROR] [628394] [628469] [number_mapping.cpp:267] Unknown key: 65535, type: 0
2026-07-28 19:26:13 [ERROR] [628394] [628469] [number_mapping.cpp:267] Unknown key: 65535, type: 0
2026-07-28 19:26:13 [ERROR] [628394] [628469] [number_mapping.cpp:267] Unknown key: 65535, type: 0
2026-07-28 19:26:13 [ERROR] [628394] [628469] [number_mapping.cpp:267] Unknown key: 65535, type: 0
2026-07-28 19:26:13 [ERROR] [628394] [628469] [number_mapping.cpp:267] Unknown key: 65535, type: 0
2026-07-28 19:26:13 [ERROR] [628394] [628469] [number_mapping.cpp:267] Unknown key: 65535, type: 0
2026-07-28 19:26:13 [ERROR] [628394] [628469] [number_mapping.cpp:267] Unknown key: 65535, type: 0
2026-07-28 19:26:13 [ERROR] [628394] [628469] [number_mapping.cpp:267] Unknown key: 65535, type: 0
2026-07-28 19:26:13 [ERROR] [628394] [628469] [number_mapping.cpp:267] Unknown key: 65535, type: 0
2026-07-28 19:26:13 [ERROR] [628394] [628469] [number_mapping.cpp:267] Unknown key: 65535, type: 0
2026-07-28 19:26:13 [ERROR] [628394] [628469] [number_mapping.cpp:267] Unknown key: 65535, type: 0
2026-07-28 19:26:13 [ERROR] [628394] [628469] [number_mapping.cpp:267] Unknown key: 65535, type: 0
2026-07-28 19:26:13 [ERROR] [628394] [628469] [number_mapping.cpp:267] Unknown key: 65535, type: 0
2026-07-28 19:26:13 [ERROR] [628394] [628469] [number_mapping.cpp:267] Unknown key: 65535, type: 0
2026-07-28 19:26:13 [ERROR] [628394] [628469] [number_mapping.cpp:267] Unknown key: 65535, type: 0
2026-07-28 19:26:13 [ERROR] [628394] [628469] [number_mapping.cpp:267] Unknown key: 65535, type: 0
2026-07-28 19:26:13 [ERROR] [628394] [628469] [number_mapping.cpp:267] Unknown key: 65535, type: 0
2026-07-28 19:26:13 [ERROR] [628394] [628469] [number_mapping.cpp:267] Unknown key: 65535, type: 0
2026-07-28 19:26:13 [ERROR] [628394] [628469] [number_mapping.cpp:267] Unknown key: 65535, type: 0
2026-07-28 19:26:13 [ERROR] [628394] [628469] [number_mapping.cpp:267] Unknown key: 65535, type: 0
2026-07-28 19:26:13 [ERROR] [628394] [628469] [number_mapping.cpp:267] Unknown key: 65535, type: 0
2026-07-28 19:26:13 [ERROR] [628394] [628469] [number_mapping.cpp:267] Unknown key: 65535, type: 0
2026-07-28 19:26:13 [ERROR] [628394] [628469] [number_mapping.cpp:267] Unknown key: 65535, type: 0
2026-07-28 19:26:13 [ERROR] [628394] [628469] [number_mapping.cpp:267] Unknown key: 65535, type: 0
2026-07-28 19:26:13 [ERROR] [628394] [628469] [number_mapping.cpp:267] Unknown key: 65535, type: 0
2026-07-28 19:26:13 [ERROR] [628394] [628469] [number_mapping.cpp:267] Unknown key: 65535, type: 0
2026-07-28 19:26:13 [ERROR] [628394] [628469] [number_mapping.cpp:267] Unknown key: 65535, type: 0
2026-07-28 19:26:13 [ERROR] [628394] [628469] [number_mapping.cpp:267] Unknown key: 65535, type: 0
2026-07-28 19:26:13 [ERROR] [628394] [628469] [number_mapping.cpp:267] Unknown key: 65535, type: 0
2026-07-28 19:26:13 [ERROR] [628394] [628469] [number_mapping.cpp:267] Unknown key: 65535, type: 0
2026-07-28 19:26:13 [ERROR] [628394] [628469] [number_mapping.cpp:267] Unknown key: 65535, type: 0
2026-07-28 19:26:13 [ERROR] [628394] [628469] [number_mapping.cpp:267] Unknown key: 65535, type: 0
2026-07-28 19:26:13 [ERROR] [628394] [628469] [number_mapping.cpp:267] Unknown key: 65535, type: 0
2026-07-28 19:26:13 [ERROR] [628394] [628469] [number_mapping.cpp:267] Unknown key: 65535, type: 0
2026-07-28 19:26:13 [ERROR] [628394] [628469] [number_mapping.cpp:267] Unknown key: 65535, type: 0
2026-07-28 19:26:13 [ERROR] [628394] [628469] [number_mapping.cpp:267] Unknown key: 65535, type: 0
2026-07-28 19:26:13 [ERROR] [628394] [628469] [number_mapping.cpp:267] Unknown key: 65535, type: 0
2026-07-28 19:26:13 [ERROR] [628394] [628469] [number_mapping.cpp:267] Unknown key: 65535, type: 0
2026-07-28 19:26:13 [ERROR] [628394] [628469] [number_mapping.cpp:267] Unknown key: 65535, type: 0
2026-07-28 19:26:13 [ERROR] [628394] [628469] [number_mapping.cpp:267] Unknown key: 65535, type: 0
2026-07-28 19:26:13 [ERROR] [628394] [628469] [number_mapping.cpp:267] Unknown key: 65535, type: 0
2026-07-28 19:26:13 [ERROR] [628394] [628469] [number_mapping.cpp:267] Unknown key: 65535, type: 0
2026-07-28 19:26:13 [ERROR] [628394] [628469] [number_mapping.cpp:267] Unknown key: 65535, type: 0
2026-07-28 19:26:13 [ERROR] [628394] [628469] [number_mapping.cpp:267] Unknown key: 65535, type: 0
2026-07-28 19:26:13 [ERROR] [628394] [628469] [number_mapping.cpp:267] Unknown key: 65535, type: 0
2026-07-28 19:26:13 [ERROR] [628394] [628469] [number_mapping.cpp:267] Unknown key: 65535, type: 0
2026-07-28 19:26:13 [ERROR] [628394] [628469] [number_mapping.cpp:267] Unknown key: 65535, type: 0
2026-07-28 19:26:13 [ERROR] [628394] [628469] [number_mapping.cpp:267] Unknown key: 65535, type: 0
2026-07-28 19:26:13 [ERROR] [628394] [628469] [number_mapping.cpp:267] Unknown key: 65535, type: 0
2026-07-28 19:26:13 [ERROR] [628394] [628469] [number_mapping.cpp:267] Unknown key: 65535, type: 0
2026-07-28 19:26:13 [ERROR] [628394] [628469] [number_mapping.cpp:267] Unknown key: 65535, type: 0
2026-07-28 19:26:13 [ERROR] [628394] [628469] [number_mapping.cpp:267] Unknown key: 65535, type: 0
2026-07-28 19:26:13 [ERROR] [628394] [628469] [number_mapping.cpp:267] Unknown key: 65535, type: 0
2026-07-28 19:26:13 [ERROR] [628394] [628469] [number_mapping.cpp:267] Unknown key: 65535, type: 0
2026-07-28 19:26:13 [ERROR] [628394] [628469] [number_mapping.cpp:267] Unknown key: 65535, type: 0
2026-07-28 19:26:13 [ERROR] [628394] [628469] [number_mapping.cpp:267] Unknown key: 65535, type: 0
2026-07-28 19:26:13 [ERROR] [628394] [628469] [number_mapping.cpp:267] Unknown key: 65535, type: 0
2026-07-28 19:26:13 [ERROR] [628394] [628469] [number_mapping.cpp:267] Unknown key: 65535, type: 0
2026-07-28 19:26:13 [ERROR] [628394] [628469] [number_mapping.cpp:267] Unknown key: 65535, type: 0
2026-07-28 19:26:13 [ERROR] [628394] [628469] [number_mapping.cpp:267] Unknown key: 65535, type: 0
2026-07-28 19:26:13 [ERROR] [628394] [628469] [number_mapping.cpp:267] Unknown key: 65535, type: 0
2026-07-28 19:26:13 [ERROR] [628394] [628469] [number_mapping.cpp:267] Unknown key: 65535, type: 0
2026-07-28 19:26:13 [ERROR] [628394] [628469] [number_mapping.cpp:267] Unknown key: 65535, type: 0
2026-07-28 19:26:13 [ERROR] [628394] [628469] [number_mapping.cpp:267] Unknown key: 65535, type: 0
2026-07-28 19:26:13 [ERROR] [628394] [628469] [number_mapping.cpp:267] Unknown key: 65535, type: 0
2026-07-28 19:26:13 [ERROR] [628394] [628469] [number_mapping.cpp:267] Unknown key: 65535, type: 0
2026-07-28 19:26:13 [ERROR] [628394] [628469] [number_mapping.cpp:267] Unknown key: 65535, type: 0
2026-07-28 19:26:13 [ERROR] [628394] [628469] [number_mapping.cpp:267] Unknown key: 65535, type: 0
2026-07-28 19:26:13 [ERROR] [628394] [628469] [number_mapping.cpp:267] Unknown key: 65535, type: 0
2026-07-28 19:26:13 [ERROR] [628394] [628469] [number_mapping.cpp:267] Unknown key: 65535, type: 0
2026-07-28 19:26:13 [ERROR] [628394] [628469] [number_mapping.cpp:267] Unknown key: 65535, type: 0
2026-07-28 19:26:13 [ERROR] [628394] [628469] [number_mapping.cpp:267] Unknown key: 65535, type: 0
2026-07-28 19:26:13 [ERROR] [628394] [628469] [number_mapping.cpp:267] Unknown key: 65535, type: 0
2026-07-28 19:26:13 [ERROR] [628394] [628469] [number_mapping.cpp:267] Unknown key: 65535, type: 0
2026-07-28 19:26:13 [ERROR] [628394] [628469] [number_mapping.cpp:267] Unknown key: 65535, type: 0
2026-07-28 19:26:13 [ERROR] [628394] [628469] [number_mapping.cpp:267] Unknown key: 65535, type: 0
2026-07-28 19:26:13 [ERROR] [628394] [628469] [number_mapping.cpp:267] Unknown key: 65535, type: 0
2026-07-28 19:26:13 [ERROR] [628394] [628469] [number_mapping.cpp:267] Unknown key: 65535, type: 0
2026-07-28 19:26:13 [ERROR] [628394] [628469] [number_mapping.cpp:267] Unknown key: 65535, type: 0
2026-07-28 19:26:13 [ERROR] [628394] [628469] [number_mapping.cpp:267] Unknown key: 65535, type: 0
2026-07-28 19:26:13 [ERROR] [628394] [628469] [number_mapping.cpp:267] Unknown key: 65535, type: 0
2026-07-28 19:26:13 [ERROR] [628394] [628469] [number_mapping.cpp:267] Unknown key: 65535, type: 0
2026-07-28 19:26:13 [ERROR] [628394] [628469] [number_mapping.cpp:267] Unknown key: 65535, type: 0
2026-07-28 19:26:13 [ERROR] [628394] [628469] [number_mapping.cpp:267] Unknown key: 65535, type: 0
2026-07-28 19:26:13 [ERROR] [628394] [628469] [number_mapping.cpp:267] Unknown key: 65535, type: 0
2026-07-28 19:26:13 [ERROR] [628394] [628469] [number_mapping.cpp:267] Unknown key: 65535, type: 0
2026-07-28 19:26:13 [ERROR] [628394] [628469] [number_mapping.cpp:267] Unknown key: 65535, type: 0
2026-07-28 19:26:13 [ERROR] [628394] [628469] [number_mapping.cpp:267] Unknown key: 65535, type: 0
2026-07-28 19:26:13 [ERROR] [628394] [628469] [number_mapping.cpp:267] Unknown key: 65535, type: 0
2026-07-28 19:26:13 [ERROR] [628394] [628469] [number_mapping.cpp:267] Unknown key: 65535, type: 0
2026-07-28 19:26:13 [ERROR] [628394] [628469] [number_mapping.cpp:267] Unknown key: 65535, type: 0
2026-07-28 19:26:13 [ERROR] [628394] [628469] [number_mapping.cpp:267] Unknown key: 65535, type: 0
2026-07-28 19:26:13 [ERROR] [628394] [628469] [number_mapping.cpp:267] Unknown key: 65535, type: 0
2026-07-28 19:26:13 [ERROR] [628394] [628469] [number_mapping.cpp:267] Unknown key: 65535, type: 0
2026-07-28 19:26:13 [ERROR] [628394] [628469] [number_mapping.cpp:267] Unknown key: 65535, type: 0
2026-07-28 19:26:13 [ERROR] [628394] [628469] [number_mapping.cpp:267] Unknown key: 65535, type: 0
2026-07-28 19:26:13 [ERROR] [628394] [628469] [number_mapping.cpp:267] Unknown key: 65535, type: 0
2026-07-28 19:26:13 [ERROR] [628394] [628469] [number_mapping.cpp:267] Unknown key: 65535, type: 0
2026-07-28 19:26:13 [ERROR] [628394] [628469] [number_mapping.cpp:267] Unknown key: 65535, type: 0
2026-07-28 19:26:13 [ERROR] [628394] [628469] [number_mapping.cpp:267] Unknown key: 65535, type: 0
2026-07-28 19:26:13 [ERROR] [628394] [628469] [number_mapping.cpp:267] Unknown key: 65535, type: 0
2026-07-28 19:26:13 [ERROR] [628394] [628469] [number_mapping.cpp:267] Unknown key: 65535, type: 0
2026-07-28 19:26:13 [ERROR] [628394] [628469] [number_mapping.cpp:267] Unknown key: 65535, type: 0
2026-07-28 19:26:13 [INFO] [628394] [628470] [db_runner.h:68] insert data to HCCLOP success
2026-07-28 19:26:13 [ERROR] [628394] [628469] [number_mapping.cpp:267] Unknown key: 65535, type: 0
2026-07-28 19:26:13 [ERROR] [628394] [628469] [number_mapping.cpp:267] Unknown key: 65535, type: 0
2026-07-28 19:26:13 [ERROR] [628394] [628469] [number_mapping.cpp:267] Unknown key: 65535, type: 0
2026-07-28 19:26:13 [ERROR] [628394] [628469] [number_mapping.cpp:267] Unknown key: 65535, type: 0
2026-07-28 19:26:13 [ERROR] [628394] [628469] [number_mapping.cpp:267] Unknown key: 65535, type: 0
2026-07-28 19:26:13 [ERROR] [628394] [628469] [number_mapping.cpp:267] Unknown key: 65535, type: 0
2026-07-28 19:26:13 [INFO] [628394] [628470] [time_logger.h:35] Dump hccl OPs end, cost time = 17 ms
2026-07-28 19:26:13 [INFO] [628394] [628470] [time_logger.h:28] DumpHcclTasks start start
2026-07-28 19:26:13 [INFO] [628394] [628470] [db_runner.cpp:49] Start create HCCLTask
2026-07-28 19:26:13 [ERROR] [628394] [628469] [number_mapping.cpp:267] Unknown key: 65535, type: 0
2026-07-28 19:26:13 [ERROR] [628394] [628469] [number_mapping.cpp:267] Unknown key: 65535, type: 0
2026-07-28 19:26:13 [ERROR] [628394] [628469] [number_mapping.cpp:267] Unknown key: 65535, type: 0
2026-07-28 19:26:13 [ERROR] [628394] [628469] [number_mapping.cpp:267] Unknown key: 65535, type: 0
2026-07-28 19:26:13 [ERROR] [628394] [628469] [number_mapping.cpp:267] Unknown key: 65535, type: 0
2026-07-28 19:26:13 [ERROR] [628394] [628469] [number_mapping.cpp:267] Unknown key: 65535, type: 0
2026-07-28 19:26:13 [ERROR] [628394] [628469] [number_mapping.cpp:267] Unknown key: 65535, type: 0
2026-07-28 19:26:13 [ERROR] [628394] [628469] [number_mapping.cpp:267] Unknown key: 65535, type: 0
2026-07-28 19:26:13 [ERROR] [628394] [628469] [number_mapping.cpp:267] Unknown key: 65535, type: 0
2026-07-28 19:26:13 [ERROR] [628394] [628469] [number_mapping.cpp:267] Unknown key: 65535, type: 0
2026-07-28 19:26:13 [ERROR] [628394] [628469] [number_mapping.cpp:267] Unknown key: 65535, type: 0
2026-07-28 19:26:13 [ERROR] [628394] [628469] [number_mapping.cpp:267] Unknown key: 65535, type: 0
2026-07-28 19:26:13 [INFO] [628394] [628470] [db_runner.cpp:62] create HCCLTask success
2026-07-28 19:26:13 [ERROR] [628394] [628469] [number_mapping.cpp:267] Unknown key: 65535, type: 0
2026-07-28 19:26:13 [ERROR] [628394] [628469] [number_mapping.cpp:267] Unknown key: 65535, type: 0
2026-07-28 19:26:13 [ERROR] [628394] [628469] [number_mapping.cpp:267] Unknown key: 65535, type: 0
2026-07-28 19:26:13 [ERROR] [628394] [628469] [number_mapping.cpp:267] Unknown key: 65535, type: 0
2026-07-28 19:26:13 [ERROR] [628394] [628469] [number_mapping.cpp:267] Unknown key: 65535, type: 0
2026-07-28 19:26:13 [ERROR] [628394] [628469] [number_mapping.cpp:267] Unknown key: 65535, type: 0
2026-07-28 19:26:13 [ERROR] [628394] [628469] [number_mapping.cpp:267] Unknown key: 65535, type: 0
2026-07-28 19:26:13 [ERROR] [628394] [628469] [number_mapping.cpp:267] Unknown key: 65535, type: 0
2026-07-28 19:26:13 [ERROR] [628394] [628469] [number_mapping.cpp:267] Unknown key: 65535, type: 0
2026-07-28 19:26:13 [ERROR] [628394] [628469] [number_mapping.cpp:267] Unknown key: 65535, type: 0
2026-07-28 19:26:13 [ERROR] [628394] [628469] [number_mapping.cpp:267] Unknown key: 65535, type: 0
2026-07-28 19:26:13 [ERROR] [628394] [628469] [number_mapping.cpp:267] Unknown key: 65535, type: 0
2026-07-28 19:26:13 [ERROR] [628394] [628469] [number_mapping.cpp:267] Unknown key: 65535, type: 0
2026-07-28 19:26:13 [ERROR] [628394] [628469] [number_mapping.cpp:267] Unknown key: 65535, type: 0
2026-07-28 19:26:13 [ERROR] [628394] [628469] [number_mapping.cpp:267] Unknown key: 65535, type: 0
2026-07-28 19:26:13 [ERROR] [628394] [628469] [number_mapping.cpp:267] Unknown key: 65535, type: 0
2026-07-28 19:26:13 [ERROR] [628394] [628469] [number_mapping.cpp:267] Unknown key: 65535, type: 0
2026-07-28 19:26:13 [ERROR] [628394] [628469] [number_mapping.cpp:267] Unknown key: 65535, type: 0
2026-07-28 19:26:13 [ERROR] [628394] [628469] [number_mapping.cpp:267] Unknown key: 65535, type: 0
2026-07-28 19:26:13 [ERROR] [628394] [628469] [number_mapping.cpp:267] Unknown key: 65535, type: 0
2026-07-28 19:26:13 [ERROR] [628394] [628469] [number_mapping.cpp:267] Unknown key: 65535, type: 0
2026-07-28 19:26:13 [ERROR] [628394] [628469] [number_mapping.cpp:267] Unknown key: 65535, type: 0
2026-07-28 19:26:13 [ERROR] [628394] [628469] [number_mapping.cpp:267] Unknown key: 65535, type: 0
2026-07-28 19:26:13 [ERROR] [628394] [628469] [number_mapping.cpp:267] Unknown key: 65535, type: 0
2026-07-28 19:26:13 [ERROR] [628394] [628469] [number_mapping.cpp:267] Unknown key: 65535, type: 0
2026-07-28 19:26:13 [ERROR] [628394] [628469] [number_mapping.cpp:267] Unknown key: 65535, type: 0
2026-07-28 19:26:13 [ERROR] [628394] [628469] [number_mapping.cpp:267] Unknown key: 65535, type: 0
2026-07-28 19:26:13 [ERROR] [628394] [628469] [number_mapping.cpp:267] Unknown key: 65535, type: 0
2026-07-28 19:26:13 [ERROR] [628394] [628469] [number_mapping.cpp:267] Unknown key: 65535, type: 0
2026-07-28 19:26:13 [ERROR] [628394] [628469] [number_mapping.cpp:267] Unknown key: 65535, type: 0
2026-07-28 19:26:13 [ERROR] [628394] [628469] [number_mapping.cpp:267] Unknown key: 65535, type: 0
2026-07-28 19:26:13 [ERROR] [628394] [628469] [number_mapping.cpp:267] Unknown key: 65535, type: 0
2026-07-28 19:26:13 [ERROR] [628394] [628469] [number_mapping.cpp:267] Unknown key: 65535, type: 0
2026-07-28 19:26:13 [ERROR] [628394] [628469] [number_mapping.cpp:267] Unknown key: 65535, type: 0
2026-07-28 19:26:13 [ERROR] [628394] [628469] [number_mapping.cpp:267] Unknown key: 65535, type: 0
2026-07-28 19:26:13 [ERROR] [628394] [628469] [number_mapping.cpp:267] Unknown key: 65535, type: 0
2026-07-28 19:26:13 [ERROR] [628394] [628469] [number_mapping.cpp:267] Unknown key: 65535, type: 0
2026-07-28 19:26:13 [ERROR] [628394] [628469] [number_mapping.cpp:267] Unknown key: 65535, type: 0
2026-07-28 19:26:13 [ERROR] [628394] [628469] [number_mapping.cpp:267] Unknown key: 65535, type: 0
2026-07-28 19:26:13 [ERROR] [628394] [628469] [number_mapping.cpp:267] Unknown key: 65535, type: 0
2026-07-28 19:26:13 [ERROR] [628394] [628469] [number_mapping.cpp:267] Unknown key: 65535, type: 0
2026-07-28 19:26:13 [ERROR] [628394] [628469] [number_mapping.cpp:267] Unknown key: 65535, type: 0
2026-07-28 19:26:13 [ERROR] [628394] [628469] [number_mapping.cpp:267] Unknown key: 65535, type: 0
2026-07-28 19:26:13 [ERROR] [628394] [628469] [number_mapping.cpp:267] Unknown key: 65535, type: 0
2026-07-28 19:26:13 [ERROR] [628394] [628469] [number_mapping.cpp:267] Unknown key: 65535, type: 0
2026-07-28 19:26:13 [ERROR] [628394] [628469] [number_mapping.cpp:267] Unknown key: 65535, type: 0
2026-07-28 19:26:13 [ERROR] [628394] [628469] [number_mapping.cpp:267] Unknown key: 65535, type: 0
2026-07-28 19:26:13 [ERROR] [628394] [628469] [number_mapping.cpp:267] Unknown key: 65535, type: 0
2026-07-28 19:26:13 [ERROR] [628394] [628469] [number_mapping.cpp:267] Unknown key: 65535, type: 0
2026-07-28 19:26:13 [ERROR] [628394] [628469] [number_mapping.cpp:267] Unknown key: 65535, type: 0
2026-07-28 19:26:13 [ERROR] [628394] [628469] [number_mapping.cpp:267] Unknown key: 65535, type: 0
2026-07-28 19:26:13 [ERROR] [628394] [628469] [number_mapping.cpp:267] Unknown key: 65535, type: 0
2026-07-28 19:26:13 [ERROR] [628394] [628469] [number_mapping.cpp:267] Unknown key: 65535, type: 0
2026-07-28 19:26:13 [ERROR] [628394] [628469] [number_mapping.cpp:267] Unknown key: 65535, type: 0
2026-07-28 19:26:13 [ERROR] [628394] [628469] [number_mapping.cpp:267] Unknown key: 65535, type: 0
2026-07-28 19:26:13 [ERROR] [628394] [628469] [number_mapping.cpp:267] Unknown key: 65535, type: 0
2026-07-28 19:26:13 [ERROR] [628394] [628469] [number_mapping.cpp:267] Unknown key: 65535, type: 0
2026-07-28 19:26:13 [ERROR] [628394] [628469] [number_mapping.cpp:267] Unknown key: 65535, type: 0
2026-07-28 19:26:13 [ERROR] [628394] [628469] [number_mapping.cpp:267] Unknown key: 65535, type: 0
2026-07-28 19:26:13 [ERROR] [628394] [628469] [number_mapping.cpp:267] Unknown key: 65535, type: 0
2026-07-28 19:26:13 [ERROR] [628394] [628469] [number_mapping.cpp:267] Unknown key: 65535, type: 0
2026-07-28 19:26:13 [ERROR] [628394] [628469] [number_mapping.cpp:267] Unknown key: 65535, type: 0
2026-07-28 19:26:13 [ERROR] [628394] [628469] [number_mapping.cpp:267] Unknown key: 65535, type: 0
2026-07-28 19:26:13 [ERROR] [628394] [628469] [number_mapping.cpp:267] Unknown key: 65535, type: 0
2026-07-28 19:26:13 [ERROR] [628394] [628469] [number_mapping.cpp:267] Unknown key: 65535, type: 0
2026-07-28 19:26:13 [ERROR] [628394] [628469] [number_mapping.cpp:267] Unknown key: 65535, type: 0
2026-07-28 19:26:13 [ERROR] [628394] [628469] [number_mapping.cpp:267] Unknown key: 65535, type: 0
2026-07-28 19:26:13 [ERROR] [628394] [628469] [number_mapping.cpp:267] Unknown key: 65535, type: 0
2026-07-28 19:26:13 [ERROR] [628394] [628469] [number_mapping.cpp:267] Unknown key: 65535, type: 0
2026-07-28 19:26:13 [ERROR] [628394] [628469] [number_mapping.cpp:267] Unknown key: 65535, type: 0
2026-07-28 19:26:13 [ERROR] [628394] [628469] [number_mapping.cpp:267] Unknown key: 65535, type: 0
2026-07-28 19:26:13 [ERROR] [628394] [628469] [number_mapping.cpp:267] Unknown key: 65535, type: 0
2026-07-28 19:26:13 [ERROR] [628394] [628469] [number_mapping.cpp:267] Unknown key: 65535, type: 0
2026-07-28 19:26:13 [ERROR] [628394] [628469] [number_mapping.cpp:267] Unknown key: 65535, type: 0
2026-07-28 19:26:13 [ERROR] [628394] [628469] [number_mapping.cpp:267] Unknown key: 65535, type: 0
2026-07-28 19:26:13 [ERROR] [628394] [628469] [number_mapping.cpp:267] Unknown key: 65535, type: 0
2026-07-28 19:26:13 [ERROR] [628394] [628469] [number_mapping.cpp:267] Unknown key: 65535, type: 0
2026-07-28 19:26:13 [ERROR] [628394] [628469] [number_mapping.cpp:267] Unknown key: 65535, type: 0
2026-07-28 19:26:13 [ERROR] [628394] [628469] [number_mapping.cpp:267] Unknown key: 65535, type: 0
2026-07-28 19:26:13 [ERROR] [628394] [628469] [number_mapping.cpp:267] Unknown key: 65535, type: 0
2026-07-28 19:26:13 [ERROR] [628394] [628469] [number_mapping.cpp:267] Unknown key: 65535, type: 0
2026-07-28 19:26:13 [ERROR] [628394] [628469] [number_mapping.cpp:267] Unknown key: 65535, type: 0
2026-07-28 19:26:13 [ERROR] [628394] [628469] [number_mapping.cpp:267] Unknown key: 65535, type: 0
2026-07-28 19:26:13 [ERROR] [628394] [628469] [number_mapping.cpp:267] Unknown key: 65535, type: 0
2026-07-28 19:26:13 [ERROR] [628394] [628469] [number_mapping.cpp:267] Unknown key: 65535, type: 0
2026-07-28 19:26:13 [ERROR] [628394] [628469] [number_mapping.cpp:267] Unknown key: 65535, type: 0
2026-07-28 19:26:13 [ERROR] [628394] [628469] [number_mapping.cpp:267] Unknown key: 65535, type: 0
2026-07-28 19:26:13 [ERROR] [628394] [628469] [number_mapping.cpp:267] Unknown key: 65535, type: 0
2026-07-28 19:26:13 [ERROR] [628394] [628469] [number_mapping.cpp:267] Unknown key: 65535, type: 0
2026-07-28 19:26:13 [ERROR] [628394] [628469] [number_mapping.cpp:267] Unknown key: 65535, type: 0
2026-07-28 19:26:13 [ERROR] [628394] [628469] [number_mapping.cpp:267] Unknown key: 65535, type: 0
2026-07-28 19:26:13 [ERROR] [628394] [628469] [number_mapping.cpp:267] Unknown key: 65535, type: 0
2026-07-28 19:26:13 [ERROR] [628394] [628469] [number_mapping.cpp:267] Unknown key: 65535, type: 0
2026-07-28 19:26:13 [ERROR] [628394] [628469] [number_mapping.cpp:267] Unknown key: 65535, type: 0
2026-07-28 19:26:13 [ERROR] [628394] [628469] [number_mapping.cpp:267] Unknown key: 65535, type: 0
2026-07-28 19:26:13 [ERROR] [628394] [628469] [number_mapping.cpp:267] Unknown key: 65535, type: 0
2026-07-28 19:26:13 [ERROR] [628394] [628469] [number_mapping.cpp:267] Unknown key: 65535, type: 0
2026-07-28 19:26:13 [ERROR] [628394] [628469] [number_mapping.cpp:267] Unknown key: 65535, type: 0
2026-07-28 19:26:13 [ERROR] [628394] [628469] [number_mapping.cpp:267] Unknown key: 65535, type: 0
2026-07-28 19:26:13 [ERROR] [628394] [628469] [number_mapping.cpp:267] Unknown key: 65535, type: 0
2026-07-28 19:26:13 [ERROR] [628394] [628469] [number_mapping.cpp:267] Unknown key: 65535, type: 0
2026-07-28 19:26:13 [ERROR] [628394] [628469] [number_mapping.cpp:267] Unknown key: 65535, type: 0
2026-07-28 19:26:13 [ERROR] [628394] [628469] [number_mapping.cpp:267] Unknown key: 65535, type: 0
2026-07-28 19:26:13 [ERROR] [628394] [628469] [number_mapping.cpp:267] Unknown key: 65535, type: 0
2026-07-28 19:26:13 [ERROR] [628394] [628469] [number_mapping.cpp:267] Unknown key: 65535, type: 0
2026-07-28 19:26:13 [ERROR] [628394] [628469] [number_mapping.cpp:267] Unknown key: 65535, type: 0
2026-07-28 19:26:13 [ERROR] [628394] [628469] [number_mapping.cpp:267] Unknown key: 65535, type: 0
2026-07-28 19:26:13 [ERROR] [628394] [628469] [number_mapping.cpp:267] Unknown key: 65535, type: 0
2026-07-28 19:26:13 [ERROR] [628394] [628469] [number_mapping.cpp:267] Unknown key: 65535, type: 0
2026-07-28 19:26:13 [ERROR] [628394] [628469] [number_mapping.cpp:267] Unknown key: 65535, type: 0
2026-07-28 19:26:13 [ERROR] [628394] [628469] [number_mapping.cpp:267] Unknown key: 65535, type: 0
2026-07-28 19:26:13 [ERROR] [628394] [628469] [number_mapping.cpp:267] Unknown key: 65535, type: 0
2026-07-28 19:26:13 [ERROR] [628394] [628469] [number_mapping.cpp:267] Unknown key: 65535, type: 0
2026-07-28 19:26:13 [ERROR] [628394] [628469] [number_mapping.cpp:267] Unknown key: 65535, type: 0
2026-07-28 19:26:13 [ERROR] [628394] [628469] [number_mapping.cpp:267] Unknown key: 65535, type: 0
2026-07-28 19:26:13 [ERROR] [628394] [628469] [number_mapping.cpp:267] Unknown key: 65535, type: 0
2026-07-28 19:26:13 [ERROR] [628394] [628469] [number_mapping.cpp:267] Unknown key: 65535, type: 0
2026-07-28 19:26:13 [ERROR] [628394] [628469] [number_mapping.cpp:267] Unknown key: 65535, type: 0
2026-07-28 19:26:13 [ERROR] [628394] [628469] [number_mapping.cpp:267] Unknown key: 65535, type: 0
2026-07-28 19:26:13 [ERROR] [628394] [628469] [number_mapping.cpp:267] Unknown key: 65535, type: 0
2026-07-28 19:26:13 [ERROR] [628394] [628469] [number_mapping.cpp:267] Unknown key: 65535, type: 0
2026-07-28 19:26:13 [ERROR] [628394] [628469] [number_mapping.cpp:267] Unknown key: 65535, type: 0
2026-07-28 19:26:13 [ERROR] [628394] [628469] [number_mapping.cpp:267] Unknown key: 65535, type: 0
2026-07-28 19:26:13 [ERROR] [628394] [628469] [number_mapping.cpp:267] Unknown key: 65535, type: 0
2026-07-28 19:26:13 [ERROR] [628394] [628469] [number_mapping.cpp:267] Unknown key: 65535, type: 0
2026-07-28 19:26:13 [ERROR] [628394] [628469] [number_mapping.cpp:267] Unknown key: 65535, type: 0
2026-07-28 19:26:13 [ERROR] [628394] [628469] [number_mapping.cpp:267] Unknown key: 65535, type: 0
2026-07-28 19:26:13 [ERROR] [628394] [628469] [number_mapping.cpp:267] Unknown key: 65535, type: 0
2026-07-28 19:26:13 [ERROR] [628394] [628469] [number_mapping.cpp:267] Unknown key: 65535, type: 0
2026-07-28 19:26:13 [ERROR] [628394] [628469] [number_mapping.cpp:267] Unknown key: 65535, type: 0
2026-07-28 19:26:13 [ERROR] [628394] [628469] [number_mapping.cpp:267] Unknown key: 65535, type: 0
2026-07-28 19:26:13 [ERROR] [628394] [628469] [number_mapping.cpp:267] Unknown key: 65535, type: 0
2026-07-28 19:26:13 [ERROR] [628394] [628469] [number_mapping.cpp:267] Unknown key: 65535, type: 0
2026-07-28 19:26:13 [ERROR] [628394] [628469] [number_mapping.cpp:267] Unknown key: 65535, type: 0
2026-07-28 19:26:13 [ERROR] [628394] [628469] [number_mapping.cpp:267] Unknown key: 65535, type: 0
2026-07-28 19:26:13 [ERROR] [628394] [628469] [number_mapping.cpp:267] Unknown key: 65535, type: 0
2026-07-28 19:26:13 [ERROR] [628394] [628469] [number_mapping.cpp:267] Unknown key: 65535, type: 0
2026-07-28 19:26:13 [ERROR] [628394] [628469] [number_mapping.cpp:267] Unknown key: 65535, type: 0
2026-07-28 19:26:13 [ERROR] [628394] [628469] [number_mapping.cpp:267] Unknown key: 65535, type: 0
2026-07-28 19:26:13 [ERROR] [628394] [628469] [number_mapping.cpp:267] Unknown key: 65535, type: 0
2026-07-28 19:26:13 [ERROR] [628394] [628469] [number_mapping.cpp:267] Unknown key: 65535, type: 0
2026-07-28 19:26:13 [ERROR] [628394] [628469] [number_mapping.cpp:267] Unknown key: 65535, type: 0
2026-07-28 19:26:13 [ERROR] [628394] [628469] [number_mapping.cpp:267] Unknown key: 65535, type: 0
2026-07-28 19:26:13 [ERROR] [628394] [628469] [number_mapping.cpp:267] Unknown key: 65535, type: 0
2026-07-28 19:26:13 [ERROR] [628394] [628469] [number_mapping.cpp:267] Unknown key: 65535, type: 0
2026-07-28 19:26:13 [ERROR] [628394] [628469] [number_mapping.cpp:267] Unknown key: 65535, type: 0
2026-07-28 19:26:13 [ERROR] [628394] [628469] [number_mapping.cpp:267] Unknown key: 65535, type: 0
2026-07-28 19:26:13 [ERROR] [628394] [628469] [number_mapping.cpp:267] Unknown key: 65535, type: 0
2026-07-28 19:26:13 [ERROR] [628394] [628469] [number_mapping.cpp:267] Unknown key: 65535, type: 0
2026-07-28 19:26:13 [ERROR] [628394] [628469] [number_mapping.cpp:267] Unknown key: 65535, type: 0
2026-07-28 19:26:13 [ERROR] [628394] [628469] [number_mapping.cpp:267] Unknown key: 65535, type: 0
2026-07-28 19:26:13 [ERROR] [628394] [628469] [number_mapping.cpp:267] Unknown key: 65535, type: 0
2026-07-28 19:26:13 [ERROR] [628394] [628469] [number_mapping.cpp:267] Unknown key: 65535, type: 0
2026-07-28 19:26:13 [ERROR] [628394] [628469] [number_mapping.cpp:267] Unknown key: 65535, type: 0
2026-07-28 19:26:13 [ERROR] [628394] [628469] [number_mapping.cpp:267] Unknown key: 65535, type: 0
2026-07-28 19:26:13 [ERROR] [628394] [628469] [number_mapping.cpp:267] Unknown key: 65535, type: 0
2026-07-28 19:26:13 [ERROR] [628394] [628469] [number_mapping.cpp:267] Unknown key: 65535, type: 0
2026-07-28 19:26:13 [ERROR] [628394] [628469] [number_mapping.cpp:267] Unknown key: 65535, type: 0
2026-07-28 19:26:13 [ERROR] [628394] [628469] [number_mapping.cpp:267] Unknown key: 65535, type: 0
2026-07-28 19:26:13 [ERROR] [628394] [628469] [number_mapping.cpp:267] Unknown key: 65535, type: 0
2026-07-28 19:26:13 [ERROR] [628394] [628469] [number_mapping.cpp:267] Unknown key: 65535, type: 0
2026-07-28 19:26:13 [ERROR] [628394] [628469] [number_mapping.cpp:267] Unknown key: 65535, type: 0
2026-07-28 19:26:13 [INFO] [628394] [628467] [db_runner.h:57] Start insert data to HostTask
2026-07-28 19:26:13 [ERROR] [628394] [628469] [number_mapping.cpp:267] Unknown key: 65535, type: 0
2026-07-28 19:26:13 [ERROR] [628394] [628469] [number_mapping.cpp:267] Unknown key: 65535, type: 0
2026-07-28 19:26:13 [ERROR] [628394] [628469] [number_mapping.cpp:267] Unknown key: 65535, type: 0
2026-07-28 19:26:13 [ERROR] [628394] [628469] [number_mapping.cpp:267] Unknown key: 65535, type: 0
2026-07-28 19:26:13 [ERROR] [628394] [628469] [number_mapping.cpp:267] Unknown key: 65535, type: 0
2026-07-28 19:26:13 [ERROR] [628394] [628469] [number_mapping.cpp:267] Unknown key: 65535, type: 0
2026-07-28 19:26:13 [ERROR] [628394] [628469] [number_mapping.cpp:267] Unknown key: 65535, type: 0
2026-07-28 19:26:13 [ERROR] [628394] [628469] [number_mapping.cpp:267] Unknown key: 65535, type: 0
2026-07-28 19:26:13 [ERROR] [628394] [628469] [number_mapping.cpp:267] Unknown key: 65535, type: 0
2026-07-28 19:26:13 [ERROR] [628394] [628469] [number_mapping.cpp:267] Unknown key: 65535, type: 0
2026-07-28 19:26:13 [ERROR] [628394] [628469] [number_mapping.cpp:267] Unknown key: 65535, type: 0
2026-07-28 19:26:13 [ERROR] [628394] [628469] [number_mapping.cpp:267] Unknown key: 65535, type: 0
2026-07-28 19:26:13 [ERROR] [628394] [628469] [number_mapping.cpp:267] Unknown key: 65535, type: 0
2026-07-28 19:26:13 [ERROR] [628394] [628469] [number_mapping.cpp:267] Unknown key: 65535, type: 0
2026-07-28 19:26:13 [ERROR] [628394] [628469] [number_mapping.cpp:267] Unknown key: 65535, type: 0
2026-07-28 19:26:13 [ERROR] [628394] [628469] [number_mapping.cpp:267] Unknown key: 65535, type: 0
2026-07-28 19:26:13 [ERROR] [628394] [628469] [number_mapping.cpp:267] Unknown key: 65535, type: 0
2026-07-28 19:26:13 [ERROR] [628394] [628469] [number_mapping.cpp:267] Unknown key: 65535, type: 0
2026-07-28 19:26:13 [ERROR] [628394] [628469] [number_mapping.cpp:267] Unknown key: 65535, type: 0
2026-07-28 19:26:13 [ERROR] [628394] [628469] [number_mapping.cpp:267] Unknown key: 65535, type: 0
2026-07-28 19:26:13 [ERROR] [628394] [628469] [number_mapping.cpp:267] Unknown key: 65535, type: 0
2026-07-28 19:26:13 [ERROR] [628394] [628469] [number_mapping.cpp:267] Unknown key: 65535, type: 0
2026-07-28 19:26:13 [ERROR] [628394] [628469] [number_mapping.cpp:267] Unknown key: 65535, type: 0
2026-07-28 19:26:13 [ERROR] [628394] [628469] [number_mapping.cpp:267] Unknown key: 65535, type: 0
2026-07-28 19:26:13 [ERROR] [628394] [628469] [number_mapping.cpp:267] Unknown key: 65535, type: 0
2026-07-28 19:26:13 [ERROR] [628394] [628469] [number_mapping.cpp:267] Unknown key: 65535, type: 0
2026-07-28 19:26:13 [ERROR] [628394] [628469] [number_mapping.cpp:267] Unknown key: 65535, type: 0
2026-07-28 19:26:13 [ERROR] [628394] [628469] [number_mapping.cpp:267] Unknown key: 65535, type: 0
2026-07-28 19:26:13 [ERROR] [628394] [628469] [number_mapping.cpp:267] Unknown key: 65535, type: 0
2026-07-28 19:26:13 [ERROR] [628394] [628469] [number_mapping.cpp:267] Unknown key: 65535, type: 0
2026-07-28 19:26:13 [ERROR] [628394] [628469] [number_mapping.cpp:267] Unknown key: 65535, type: 0
2026-07-28 19:26:13 [ERROR] [628394] [628469] [number_mapping.cpp:267] Unknown key: 65535, type: 0
2026-07-28 19:26:13 [ERROR] [628394] [628469] [number_mapping.cpp:267] Unknown key: 65535, type: 0
2026-07-28 19:26:13 [ERROR] [628394] [628469] [number_mapping.cpp:267] Unknown key: 65535, type: 0
2026-07-28 19:26:13 [ERROR] [628394] [628469] [number_mapping.cpp:267] Unknown key: 65535, type: 0
2026-07-28 19:26:13 [ERROR] [628394] [628469] [number_mapping.cpp:267] Unknown key: 65535, type: 0
2026-07-28 19:26:13 [ERROR] [628394] [628469] [number_mapping.cpp:267] Unknown key: 65535, type: 0
2026-07-28 19:26:13 [ERROR] [628394] [628469] [number_mapping.cpp:267] Unknown key: 65535, type: 0
2026-07-28 19:26:13 [ERROR] [628394] [628469] [number_mapping.cpp:267] Unknown key: 65535, type: 0
2026-07-28 19:26:13 [ERROR] [628394] [628469] [number_mapping.cpp:267] Unknown key: 65535, type: 0
2026-07-28 19:26:13 [ERROR] [628394] [628469] [number_mapping.cpp:267] Unknown key: 65535, type: 0
2026-07-28 19:26:13 [ERROR] [628394] [628469] [number_mapping.cpp:267] Unknown key: 65535, type: 0
2026-07-28 19:26:13 [ERROR] [628394] [628469] [number_mapping.cpp:267] Unknown key: 65535, type: 0
2026-07-28 19:26:13 [ERROR] [628394] [628469] [number_mapping.cpp:267] Unknown key: 65535, type: 0
2026-07-28 19:26:13 [ERROR] [628394] [628469] [number_mapping.cpp:267] Unknown key: 65535, type: 0
2026-07-28 19:26:13 [ERROR] [628394] [628469] [number_mapping.cpp:267] Unknown key: 65535, type: 0
2026-07-28 19:26:13 [ERROR] [628394] [628469] [number_mapping.cpp:267] Unknown key: 65535, type: 0
2026-07-28 19:26:13 [ERROR] [628394] [628469] [number_mapping.cpp:267] Unknown key: 65535, type: 0
2026-07-28 19:26:13 [ERROR] [628394] [628469] [number_mapping.cpp:267] Unknown key: 65535, type: 0
2026-07-28 19:26:13 [ERROR] [628394] [628469] [number_mapping.cpp:267] Unknown key: 65535, type: 0
2026-07-28 19:26:13 [ERROR] [628394] [628469] [number_mapping.cpp:267] Unknown key: 65535, type: 0
2026-07-28 19:26:13 [ERROR] [628394] [628469] [number_mapping.cpp:267] Unknown key: 65535, type: 0
2026-07-28 19:26:13 [ERROR] [628394] [628469] [number_mapping.cpp:267] Unknown key: 65535, type: 0
2026-07-28 19:26:13 [ERROR] [628394] [628469] [number_mapping.cpp:267] Unknown key: 65535, type: 0
2026-07-28 19:26:13 [ERROR] [628394] [628469] [number_mapping.cpp:267] Unknown key: 65535, type: 0
2026-07-28 19:26:13 [ERROR] [628394] [628469] [number_mapping.cpp:267] Unknown key: 65535, type: 0
2026-07-28 19:26:13 [ERROR] [628394] [628469] [number_mapping.cpp:267] Unknown key: 65535, type: 0
2026-07-28 19:26:13 [ERROR] [628394] [628469] [number_mapping.cpp:267] Unknown key: 65535, type: 0
2026-07-28 19:26:13 [ERROR] [628394] [628469] [number_mapping.cpp:267] Unknown key: 65535, type: 0
2026-07-28 19:26:13 [ERROR] [628394] [628469] [number_mapping.cpp:267] Unknown key: 65535, type: 0
2026-07-28 19:26:13 [ERROR] [628394] [628469] [number_mapping.cpp:267] Unknown key: 65535, type: 0
2026-07-28 19:26:13 [ERROR] [628394] [628469] [number_mapping.cpp:267] Unknown key: 65535, type: 0
2026-07-28 19:26:13 [ERROR] [628394] [628469] [number_mapping.cpp:267] Unknown key: 65535, type: 0
2026-07-28 19:26:13 [ERROR] [628394] [628469] [number_mapping.cpp:267] Unknown key: 65535, type: 0
2026-07-28 19:26:13 [ERROR] [628394] [628469] [number_mapping.cpp:267] Unknown key: 65535, type: 0
2026-07-28 19:26:13 [ERROR] [628394] [628469] [number_mapping.cpp:267] Unknown key: 65535, type: 0
2026-07-28 19:26:13 [ERROR] [628394] [628469] [number_mapping.cpp:267] Unknown key: 65535, type: 0
2026-07-28 19:26:13 [ERROR] [628394] [628469] [number_mapping.cpp:267] Unknown key: 65535, type: 0
2026-07-28 19:26:13 [ERROR] [628394] [628469] [number_mapping.cpp:267] Unknown key: 65535, type: 0
2026-07-28 19:26:13 [ERROR] [628394] [628469] [number_mapping.cpp:267] Unknown key: 65535, type: 0
2026-07-28 19:26:13 [ERROR] [628394] [628469] [number_mapping.cpp:267] Unknown key: 65535, type: 0
2026-07-28 19:26:13 [ERROR] [628394] [628469] [number_mapping.cpp:267] Unknown key: 65535, type: 0
2026-07-28 19:26:13 [INFO] [628394] [628470] [db_runner.h:57] Start insert data to HCCLTask
2026-07-28 19:26:13 [ERROR] [628394] [628469] [number_mapping.cpp:267] Unknown key: 65535, type: 0
2026-07-28 19:26:13 [ERROR] [628394] [628469] [number_mapping.cpp:267] Unknown key: 65535, type: 0
2026-07-28 19:26:13 [ERROR] [628394] [628469] [number_mapping.cpp:267] Unknown key: 65535, type: 0
2026-07-28 19:26:13 [ERROR] [628394] [628469] [number_mapping.cpp:267] Unknown key: 65535, type: 0
2026-07-28 19:26:13 [ERROR] [628394] [628469] [number_mapping.cpp:267] Unknown key: 65535, type: 0
2026-07-28 19:26:13 [ERROR] [628394] [628469] [number_mapping.cpp:267] Unknown key: 65535, type: 0
2026-07-28 19:26:13 [ERROR] [628394] [628469] [number_mapping.cpp:267] Unknown key: 65535, type: 0
2026-07-28 19:26:13 [ERROR] [628394] [628469] [number_mapping.cpp:267] Unknown key: 65535, type: 0
2026-07-28 19:26:13 [ERROR] [628394] [628469] [number_mapping.cpp:267] Unknown key: 65535, type: 0
2026-07-28 19:26:13 [ERROR] [628394] [628469] [number_mapping.cpp:267] Unknown key: 65535, type: 0
2026-07-28 19:26:13 [ERROR] [628394] [628469] [number_mapping.cpp:267] Unknown key: 65535, type: 0
2026-07-28 19:26:13 [ERROR] [628394] [628469] [number_mapping.cpp:267] Unknown key: 65535, type: 0
2026-07-28 19:26:13 [ERROR] [628394] [628469] [number_mapping.cpp:267] Unknown key: 65535, type: 0
2026-07-28 19:26:13 [ERROR] [628394] [628469] [number_mapping.cpp:267] Unknown key: 65535, type: 0
2026-07-28 19:26:13 [ERROR] [628394] [628469] [number_mapping.cpp:267] Unknown key: 65535, type: 0
2026-07-28 19:26:13 [ERROR] [628394] [628469] [number_mapping.cpp:267] Unknown key: 65535, type: 0
2026-07-28 19:26:13 [ERROR] [628394] [628469] [number_mapping.cpp:267] Unknown key: 65535, type: 0
2026-07-28 19:26:13 [ERROR] [628394] [628469] [number_mapping.cpp:267] Unknown key: 65535, type: 0
2026-07-28 19:26:13 [ERROR] [628394] [628469] [number_mapping.cpp:267] Unknown key: 65535, type: 0
2026-07-28 19:26:13 [ERROR] [628394] [628469] [number_mapping.cpp:267] Unknown key: 65535, type: 0
2026-07-28 19:26:13 [ERROR] [628394] [628469] [number_mapping.cpp:267] Unknown key: 65535, type: 0
2026-07-28 19:26:13 [ERROR] [628394] [628469] [number_mapping.cpp:267] Unknown key: 65535, type: 0
2026-07-28 19:26:13 [ERROR] [628394] [628469] [number_mapping.cpp:267] Unknown key: 65535, type: 0
2026-07-28 19:26:13 [ERROR] [628394] [628469] [number_mapping.cpp:267] Unknown key: 65535, type: 0
2026-07-28 19:26:13 [ERROR] [628394] [628469] [number_mapping.cpp:267] Unknown key: 65535, type: 0
2026-07-28 19:26:13 [ERROR] [628394] [628469] [number_mapping.cpp:267] Unknown key: 65535, type: 0
2026-07-28 19:26:13 [ERROR] [628394] [628469] [number_mapping.cpp:267] Unknown key: 65535, type: 0
2026-07-28 19:26:13 [ERROR] [628394] [628469] [number_mapping.cpp:267] Unknown key: 65535, type: 0
2026-07-28 19:26:13 [ERROR] [628394] [628469] [number_mapping.cpp:267] Unknown key: 65535, type: 0
2026-07-28 19:26:13 [ERROR] [628394] [628469] [number_mapping.cpp:267] Unknown key: 65535, type: 0
2026-07-28 19:26:13 [ERROR] [628394] [628469] [number_mapping.cpp:267] Unknown key: 65535, type: 0
2026-07-28 19:26:13 [ERROR] [628394] [628469] [number_mapping.cpp:267] Unknown key: 65535, type: 0
2026-07-28 19:26:13 [ERROR] [628394] [628469] [number_mapping.cpp:267] Unknown key: 65535, type: 0
2026-07-28 19:26:13 [ERROR] [628394] [628469] [number_mapping.cpp:267] Unknown key: 65535, type: 0
2026-07-28 19:26:13 [ERROR] [628394] [628469] [number_mapping.cpp:267] Unknown key: 65535, type: 0
2026-07-28 19:26:13 [ERROR] [628394] [628469] [number_mapping.cpp:267] Unknown key: 65535, type: 0
2026-07-28 19:26:13 [ERROR] [628394] [628469] [number_mapping.cpp:267] Unknown key: 65535, type: 0
2026-07-28 19:26:13 [ERROR] [628394] [628469] [number_mapping.cpp:267] Unknown key: 65535, type: 0
2026-07-28 19:26:13 [ERROR] [628394] [628469] [number_mapping.cpp:267] Unknown key: 65535, type: 0
2026-07-28 19:26:13 [ERROR] [628394] [628469] [number_mapping.cpp:267] Unknown key: 65535, type: 0
2026-07-28 19:26:13 [ERROR] [628394] [628469] [number_mapping.cpp:267] Unknown key: 65535, type: 0
2026-07-28 19:26:13 [ERROR] [628394] [628469] [number_mapping.cpp:267] Unknown key: 65535, type: 0
2026-07-28 19:26:13 [ERROR] [628394] [628469] [number_mapping.cpp:267] Unknown key: 65535, type: 0
2026-07-28 19:26:13 [ERROR] [628394] [628469] [number_mapping.cpp:267] Unknown key: 65535, type: 0
2026-07-28 19:26:13 [ERROR] [628394] [628469] [number_mapping.cpp:267] Unknown key: 65535, type: 0
2026-07-28 19:26:13 [ERROR] [628394] [628469] [number_mapping.cpp:267] Unknown key: 65535, type: 0
2026-07-28 19:26:13 [ERROR] [628394] [628469] [number_mapping.cpp:267] Unknown key: 65535, type: 0
2026-07-28 19:26:13 [ERROR] [628394] [628469] [number_mapping.cpp:267] Unknown key: 65535, type: 0
2026-07-28 19:26:13 [ERROR] [628394] [628469] [number_mapping.cpp:267] Unknown key: 65535, type: 0
2026-07-28 19:26:13 [ERROR] [628394] [628469] [number_mapping.cpp:267] Unknown key: 65535, type: 0
2026-07-28 19:26:13 [ERROR] [628394] [628469] [number_mapping.cpp:267] Unknown key: 65535, type: 0
2026-07-28 19:26:13 [ERROR] [628394] [628469] [number_mapping.cpp:267] Unknown key: 65535, type: 0
2026-07-28 19:26:13 [ERROR] [628394] [628469] [number_mapping.cpp:267] Unknown key: 65535, type: 0
2026-07-28 19:26:13 [ERROR] [628394] [628469] [number_mapping.cpp:267] Unknown key: 65535, type: 0
2026-07-28 19:26:13 [ERROR] [628394] [628469] [number_mapping.cpp:267] Unknown key: 65535, type: 0
2026-07-28 19:26:13 [ERROR] [628394] [628469] [number_mapping.cpp:267] Unknown key: 65535, type: 0
2026-07-28 19:26:13 [ERROR] [628394] [628469] [number_mapping.cpp:267] Unknown key: 65535, type: 0
2026-07-28 19:26:13 [ERROR] [628394] [628469] [number_mapping.cpp:267] Unknown key: 65535, type: 0
2026-07-28 19:26:13 [ERROR] [628394] [628469] [number_mapping.cpp:267] Unknown key: 65535, type: 0
2026-07-28 19:26:13 [ERROR] [628394] [628469] [number_mapping.cpp:267] Unknown key: 65535, type: 0
2026-07-28 19:26:13 [ERROR] [628394] [628469] [number_mapping.cpp:267] Unknown key: 65535, type: 0
2026-07-28 19:26:13 [ERROR] [628394] [628469] [number_mapping.cpp:267] Unknown key: 65535, type: 0
2026-07-28 19:26:13 [ERROR] [628394] [628469] [number_mapping.cpp:267] Unknown key: 65535, type: 0
2026-07-28 19:26:13 [ERROR] [628394] [628469] [number_mapping.cpp:267] Unknown key: 65535, type: 0
2026-07-28 19:26:13 [ERROR] [628394] [628469] [number_mapping.cpp:267] Unknown key: 65535, type: 0
2026-07-28 19:26:13 [ERROR] [628394] [628469] [number_mapping.cpp:267] Unknown key: 65535, type: 0
2026-07-28 19:26:13 [ERROR] [628394] [628469] [number_mapping.cpp:267] Unknown key: 65535, type: 0
2026-07-28 19:26:13 [ERROR] [628394] [628469] [number_mapping.cpp:267] Unknown key: 65535, type: 0
2026-07-28 19:26:13 [ERROR] [628394] [628469] [number_mapping.cpp:267] Unknown key: 65535, type: 0
2026-07-28 19:26:13 [ERROR] [628394] [628469] [number_mapping.cpp:267] Unknown key: 65535, type: 0
2026-07-28 19:26:13 [ERROR] [628394] [628469] [number_mapping.cpp:267] Unknown key: 65535, type: 0
2026-07-28 19:26:13 [ERROR] [628394] [628469] [number_mapping.cpp:267] Unknown key: 65535, type: 0
2026-07-28 19:26:13 [ERROR] [628394] [628469] [number_mapping.cpp:267] Unknown key: 65535, type: 0
2026-07-28 19:26:13 [ERROR] [628394] [628469] [number_mapping.cpp:267] Unknown key: 65535, type: 0
2026-07-28 19:26:13 [ERROR] [628394] [628469] [number_mapping.cpp:267] Unknown key: 65535, type: 0
2026-07-28 19:26:13 [ERROR] [628394] [628469] [number_mapping.cpp:267] Unknown key: 65535, type: 0
2026-07-28 19:26:13 [ERROR] [628394] [628469] [number_mapping.cpp:267] Unknown key: 65535, type: 0
2026-07-28 19:26:13 [ERROR] [628394] [628469] [number_mapping.cpp:267] Unknown key: 65535, type: 0
2026-07-28 19:26:13 [ERROR] [628394] [628469] [number_mapping.cpp:267] Unknown key: 65535, type: 0
2026-07-28 19:26:13 [ERROR] [628394] [628469] [number_mapping.cpp:267] Unknown key: 65535, type: 0
2026-07-28 19:26:13 [ERROR] [628394] [628469] [number_mapping.cpp:267] Unknown key: 65535, type: 0
2026-07-28 19:26:13 [ERROR] [628394] [628469] [number_mapping.cpp:267] Unknown key: 65535, type: 0
2026-07-28 19:26:13 [ERROR] [628394] [628469] [number_mapping.cpp:267] Unknown key: 65535, type: 0
2026-07-28 19:26:13 [ERROR] [628394] [628469] [number_mapping.cpp:267] Unknown key: 65535, type: 0
2026-07-28 19:26:13 [ERROR] [628394] [628469] [number_mapping.cpp:267] Unknown key: 65535, type: 0
2026-07-28 19:26:13 [ERROR] [628394] [628469] [number_mapping.cpp:267] Unknown key: 65535, type: 0
2026-07-28 19:26:13 [ERROR] [628394] [628469] [number_mapping.cpp:267] Unknown key: 65535, type: 0
2026-07-28 19:26:13 [ERROR] [628394] [628469] [number_mapping.cpp:267] Unknown key: 65535, type: 0
2026-07-28 19:26:13 [ERROR] [628394] [628469] [number_mapping.cpp:267] Unknown key: 65535, type: 0
2026-07-28 19:26:13 [ERROR] [628394] [628469] [number_mapping.cpp:267] Unknown key: 65535, type: 0
2026-07-28 19:26:13 [ERROR] [628394] [628469] [number_mapping.cpp:267] Unknown key: 65535, type: 0
2026-07-28 19:26:13 [ERROR] [628394] [628469] [number_mapping.cpp:267] Unknown key: 65535, type: 0
2026-07-28 19:26:13 [ERROR] [628394] [628469] [number_mapping.cpp:267] Unknown key: 65535, type: 0
2026-07-28 19:26:13 [ERROR] [628394] [628469] [number_mapping.cpp:267] Unknown key: 65535, type: 0
2026-07-28 19:26:13 [ERROR] [628394] [628469] [number_mapping.cpp:267] Unknown key: 65535, type: 0
2026-07-28 19:26:13 [ERROR] [628394] [628469] [number_mapping.cpp:267] Unknown key: 65535, type: 0
2026-07-28 19:26:13 [ERROR] [628394] [628469] [number_mapping.cpp:267] Unknown key: 65535, type: 0
2026-07-28 19:26:13 [ERROR] [628394] [628469] [number_mapping.cpp:267] Unknown key: 65535, type: 0
2026-07-28 19:26:13 [ERROR] [628394] [628469] [number_mapping.cpp:267] Unknown key: 65535, type: 0
2026-07-28 19:26:13 [ERROR] [628394] [628469] [number_mapping.cpp:267] Unknown key: 65535, type: 0
2026-07-28 19:26:13 [ERROR] [628394] [628469] [number_mapping.cpp:267] Unknown key: 65535, type: 0
2026-07-28 19:26:13 [ERROR] [628394] [628469] [number_mapping.cpp:267] Unknown key: 65535, type: 0
2026-07-28 19:26:13 [ERROR] [628394] [628469] [number_mapping.cpp:267] Unknown key: 65535, type: 0
2026-07-28 19:26:13 [ERROR] [628394] [628469] [number_mapping.cpp:267] Unknown key: 65535, type: 0
2026-07-28 19:26:13 [ERROR] [628394] [628469] [number_mapping.cpp:267] Unknown key: 65535, type: 0
2026-07-28 19:26:13 [ERROR] [628394] [628469] [number_mapping.cpp:267] Unknown key: 65535, type: 0
2026-07-28 19:26:13 [ERROR] [628394] [628469] [number_mapping.cpp:267] Unknown key: 65535, type: 0
2026-07-28 19:26:13 [ERROR] [628394] [628469] [number_mapping.cpp:267] Unknown key: 65535, type: 0
2026-07-28 19:26:13 [ERROR] [628394] [628469] [number_mapping.cpp:267] Unknown key: 65535, type: 0
2026-07-28 19:26:13 [ERROR] [628394] [628469] [number_mapping.cpp:267] Unknown key: 65535, type: 0
2026-07-28 19:26:13 [ERROR] [628394] [628469] [number_mapping.cpp:267] Unknown key: 65535, type: 0
2026-07-28 19:26:13 [ERROR] [628394] [628469] [number_mapping.cpp:267] Unknown key: 65535, type: 0
2026-07-28 19:26:13 [ERROR] [628394] [628469] [number_mapping.cpp:267] Unknown key: 65535, type: 0
2026-07-28 19:26:13 [ERROR] [628394] [628469] [number_mapping.cpp:267] Unknown key: 65535, type: 0
2026-07-28 19:26:13 [ERROR] [628394] [628469] [number_mapping.cpp:267] Unknown key: 65535, type: 0
2026-07-28 19:26:13 [ERROR] [628394] [628469] [number_mapping.cpp:267] Unknown key: 65535, type: 0
2026-07-28 19:26:13 [ERROR] [628394] [628469] [number_mapping.cpp:267] Unknown key: 65535, type: 0
2026-07-28 19:26:13 [ERROR] [628394] [628469] [number_mapping.cpp:267] Unknown key: 65535, type: 0
2026-07-28 19:26:13 [ERROR] [628394] [628469] [number_mapping.cpp:267] Unknown key: 65535, type: 0
2026-07-28 19:26:13 [ERROR] [628394] [628469] [number_mapping.cpp:267] Unknown key: 65535, type: 0
2026-07-28 19:26:13 [ERROR] [628394] [628469] [number_mapping.cpp:267] Unknown key: 65535, type: 0
2026-07-28 19:26:13 [ERROR] [628394] [628469] [number_mapping.cpp:267] Unknown key: 65535, type: 0
2026-07-28 19:26:13 [ERROR] [628394] [628469] [number_mapping.cpp:267] Unknown key: 65535, type: 0
2026-07-28 19:26:13 [ERROR] [628394] [628469] [number_mapping.cpp:267] Unknown key: 65535, type: 0
2026-07-28 19:26:13 [ERROR] [628394] [628469] [number_mapping.cpp:267] Unknown key: 65535, type: 0
2026-07-28 19:26:13 [ERROR] [628394] [628469] [number_mapping.cpp:267] Unknown key: 65535, type: 0
2026-07-28 19:26:13 [ERROR] [628394] [628469] [number_mapping.cpp:267] Unknown key: 65535, type: 0
2026-07-28 19:26:13 [ERROR] [628394] [628469] [number_mapping.cpp:267] Unknown key: 65535, type: 0
2026-07-28 19:26:13 [ERROR] [628394] [628469] [number_mapping.cpp:267] Unknown key: 65535, type: 0
2026-07-28 19:26:13 [ERROR] [628394] [628469] [number_mapping.cpp:267] Unknown key: 65535, type: 0
2026-07-28 19:26:13 [ERROR] [628394] [628469] [number_mapping.cpp:267] Unknown key: 65535, type: 0
2026-07-28 19:26:13 [ERROR] [628394] [628469] [number_mapping.cpp:267] Unknown key: 65535, type: 0
2026-07-28 19:26:13 [ERROR] [628394] [628469] [number_mapping.cpp:267] Unknown key: 65535, type: 0
2026-07-28 19:26:13 [ERROR] [628394] [628469] [number_mapping.cpp:267] Unknown key: 65535, type: 0
2026-07-28 19:26:13 [ERROR] [628394] [628469] [number_mapping.cpp:267] Unknown key: 65535, type: 0
2026-07-28 19:26:13 [ERROR] [628394] [628469] [number_mapping.cpp:267] Unknown key: 65535, type: 0
2026-07-28 19:26:13 [ERROR] [628394] [628469] [number_mapping.cpp:267] Unknown key: 65535, type: 0
2026-07-28 19:26:13 [ERROR] [628394] [628469] [number_mapping.cpp:267] Unknown key: 65535, type: 0
2026-07-28 19:26:13 [ERROR] [628394] [628469] [number_mapping.cpp:267] Unknown key: 65535, type: 0
2026-07-28 19:26:13 [ERROR] [628394] [628469] [number_mapping.cpp:267] Unknown key: 65535, type: 0
2026-07-28 19:26:13 [ERROR] [628394] [628469] [number_mapping.cpp:267] Unknown key: 65535, type: 0
2026-07-28 19:26:13 [ERROR] [628394] [628469] [number_mapping.cpp:267] Unknown key: 65535, type: 0
2026-07-28 19:26:13 [ERROR] [628394] [628469] [number_mapping.cpp:267] Unknown key: 65535, type: 0
2026-07-28 19:26:13 [ERROR] [628394] [628469] [number_mapping.cpp:267] Unknown key: 65535, type: 0
2026-07-28 19:26:13 [ERROR] [628394] [628469] [number_mapping.cpp:267] Unknown key: 65535, type: 0
2026-07-28 19:26:13 [ERROR] [628394] [628469] [number_mapping.cpp:267] Unknown key: 65535, type: 0
2026-07-28 19:26:13 [ERROR] [628394] [628469] [number_mapping.cpp:267] Unknown key: 65535, type: 0
2026-07-28 19:26:13 [ERROR] [628394] [628469] [number_mapping.cpp:267] Unknown key: 65535, type: 0
2026-07-28 19:26:13 [ERROR] [628394] [628469] [number_mapping.cpp:267] Unknown key: 65535, type: 0
2026-07-28 19:26:13 [ERROR] [628394] [628469] [number_mapping.cpp:267] Unknown key: 65535, type: 0
2026-07-28 19:26:13 [ERROR] [628394] [628469] [number_mapping.cpp:267] Unknown key: 65535, type: 0
2026-07-28 19:26:13 [ERROR] [628394] [628469] [number_mapping.cpp:267] Unknown key: 65535, type: 0
2026-07-28 19:26:13 [ERROR] [628394] [628469] [number_mapping.cpp:267] Unknown key: 65535, type: 0
2026-07-28 19:26:13 [ERROR] [628394] [628469] [number_mapping.cpp:267] Unknown key: 65535, type: 0
2026-07-28 19:26:13 [ERROR] [628394] [628469] [number_mapping.cpp:267] Unknown key: 65535, type: 0
2026-07-28 19:26:13 [ERROR] [628394] [628469] [number_mapping.cpp:267] Unknown key: 65535, type: 0
2026-07-28 19:26:13 [ERROR] [628394] [628469] [number_mapping.cpp:267] Unknown key: 65535, type: 0
2026-07-28 19:26:13 [ERROR] [628394] [628469] [number_mapping.cpp:267] Unknown key: 65535, type: 0
2026-07-28 19:26:13 [ERROR] [628394] [628469] [number_mapping.cpp:267] Unknown key: 65535, type: 0
2026-07-28 19:26:13 [ERROR] [628394] [628469] [number_mapping.cpp:267] Unknown key: 65535, type: 0
2026-07-28 19:26:13 [ERROR] [628394] [628469] [number_mapping.cpp:267] Unknown key: 65535, type: 0
2026-07-28 19:26:13 [ERROR] [628394] [628469] [number_mapping.cpp:267] Unknown key: 65535, type: 0
2026-07-28 19:26:13 [ERROR] [628394] [628469] [number_mapping.cpp:267] Unknown key: 65535, type: 0
2026-07-28 19:26:13 [ERROR] [628394] [628469] [number_mapping.cpp:267] Unknown key: 65535, type: 0
2026-07-28 19:26:13 [ERROR] [628394] [628469] [number_mapping.cpp:267] Unknown key: 65535, type: 0
2026-07-28 19:26:13 [ERROR] [628394] [628469] [number_mapping.cpp:267] Unknown key: 65535, type: 0
2026-07-28 19:26:13 [ERROR] [628394] [628469] [number_mapping.cpp:267] Unknown key: 65535, type: 0
2026-07-28 19:26:13 [ERROR] [628394] [628469] [number_mapping.cpp:267] Unknown key: 65535, type: 0
2026-07-28 19:26:13 [ERROR] [628394] [628469] [number_mapping.cpp:267] Unknown key: 65535, type: 0
2026-07-28 19:26:13 [ERROR] [628394] [628469] [number_mapping.cpp:267] Unknown key: 65535, type: 0
2026-07-28 19:26:13 [ERROR] [628394] [628469] [number_mapping.cpp:267] Unknown key: 65535, type: 0
2026-07-28 19:26:13 [ERROR] [628394] [628469] [number_mapping.cpp:267] Unknown key: 65535, type: 0
2026-07-28 19:26:13 [ERROR] [628394] [628469] [number_mapping.cpp:267] Unknown key: 65535, type: 0
2026-07-28 19:26:13 [ERROR] [628394] [628469] [number_mapping.cpp:267] Unknown key: 65535, type: 0
2026-07-28 19:26:13 [ERROR] [628394] [628469] [number_mapping.cpp:267] Unknown key: 65535, type: 0
2026-07-28 19:26:13 [ERROR] [628394] [628469] [number_mapping.cpp:267] Unknown key: 65535, type: 0
2026-07-28 19:26:13 [ERROR] [628394] [628469] [number_mapping.cpp:267] Unknown key: 65535, type: 0
2026-07-28 19:26:13 [ERROR] [628394] [628469] [number_mapping.cpp:267] Unknown key: 65535, type: 0
2026-07-28 19:26:13 [ERROR] [628394] [628469] [number_mapping.cpp:267] Unknown key: 65535, type: 0
2026-07-28 19:26:13 [ERROR] [628394] [628469] [number_mapping.cpp:267] Unknown key: 65535, type: 0
2026-07-28 19:26:13 [ERROR] [628394] [628469] [number_mapping.cpp:267] Unknown key: 65535, type: 0
2026-07-28 19:26:13 [ERROR] [628394] [628469] [number_mapping.cpp:267] Unknown key: 65535, type: 0
2026-07-28 19:26:13 [ERROR] [628394] [628469] [number_mapping.cpp:267] Unknown key: 65535, type: 0
2026-07-28 19:26:13 [ERROR] [628394] [628469] [number_mapping.cpp:267] Unknown key: 65535, type: 0
2026-07-28 19:26:13 [ERROR] [628394] [628469] [number_mapping.cpp:267] Unknown key: 65535, type: 0
2026-07-28 19:26:13 [ERROR] [628394] [628469] [number_mapping.cpp:267] Unknown key: 65535, type: 0
2026-07-28 19:26:13 [ERROR] [628394] [628469] [number_mapping.cpp:267] Unknown key: 65535, type: 0
2026-07-28 19:26:13 [ERROR] [628394] [628469] [number_mapping.cpp:267] Unknown key: 65535, type: 0
2026-07-28 19:26:13 [ERROR] [628394] [628469] [number_mapping.cpp:267] Unknown key: 65535, type: 0
2026-07-28 19:26:13 [ERROR] [628394] [628469] [number_mapping.cpp:267] Unknown key: 65535, type: 0
2026-07-28 19:26:13 [ERROR] [628394] [628469] [number_mapping.cpp:267] Unknown key: 65535, type: 0
2026-07-28 19:26:13 [ERROR] [628394] [628469] [number_mapping.cpp:267] Unknown key: 65535, type: 0
2026-07-28 19:26:13 [ERROR] [628394] [628469] [number_mapping.cpp:267] Unknown key: 65535, type: 0
2026-07-28 19:26:13 [ERROR] [628394] [628469] [number_mapping.cpp:267] Unknown key: 65535, type: 0
2026-07-28 19:26:13 [ERROR] [628394] [628469] [number_mapping.cpp:267] Unknown key: 65535, type: 0
2026-07-28 19:26:13 [ERROR] [628394] [628469] [number_mapping.cpp:267] Unknown key: 65535, type: 0
2026-07-28 19:26:13 [ERROR] [628394] [628469] [number_mapping.cpp:267] Unknown key: 65535, type: 0
2026-07-28 19:26:13 [ERROR] [628394] [628469] [number_mapping.cpp:267] Unknown key: 65535, type: 0
2026-07-28 19:26:13 [ERROR] [628394] [628469] [number_mapping.cpp:267] Unknown key: 65535, type: 0
2026-07-28 19:26:13 [ERROR] [628394] [628469] [number_mapping.cpp:267] Unknown key: 65535, type: 0
2026-07-28 19:26:13 [ERROR] [628394] [628469] [number_mapping.cpp:267] Unknown key: 65535, type: 0
2026-07-28 19:26:13 [ERROR] [628394] [628469] [number_mapping.cpp:267] Unknown key: 65535, type: 0
2026-07-28 19:26:13 [ERROR] [628394] [628469] [number_mapping.cpp:267] Unknown key: 65535, type: 0
2026-07-28 19:26:13 [ERROR] [628394] [628469] [number_mapping.cpp:267] Unknown key: 65535, type: 0
2026-07-28 19:26:13 [ERROR] [628394] [628469] [number_mapping.cpp:267] Unknown key: 65535, type: 0
2026-07-28 19:26:13 [ERROR] [628394] [628469] [number_mapping.cpp:267] Unknown key: 65535, type: 0
2026-07-28 19:26:13 [ERROR] [628394] [628469] [number_mapping.cpp:267] Unknown key: 65535, type: 0
2026-07-28 19:26:13 [ERROR] [628394] [628469] [number_mapping.cpp:267] Unknown key: 65535, type: 0
2026-07-28 19:26:13 [ERROR] [628394] [628469] [number_mapping.cpp:267] Unknown key: 65535, type: 0
2026-07-28 19:26:13 [ERROR] [628394] [628469] [number_mapping.cpp:267] Unknown key: 65535, type: 0
2026-07-28 19:26:13 [ERROR] [628394] [628469] [number_mapping.cpp:267] Unknown key: 65535, type: 0
2026-07-28 19:26:13 [ERROR] [628394] [628469] [number_mapping.cpp:267] Unknown key: 65535, type: 0
2026-07-28 19:26:13 [ERROR] [628394] [628469] [number_mapping.cpp:267] Unknown key: 65535, type: 0
2026-07-28 19:26:13 [ERROR] [628394] [628469] [number_mapping.cpp:267] Unknown key: 65535, type: 0
2026-07-28 19:26:13 [ERROR] [628394] [628469] [number_mapping.cpp:267] Unknown key: 65535, type: 0
2026-07-28 19:26:13 [ERROR] [628394] [628469] [number_mapping.cpp:267] Unknown key: 65535, type: 0
2026-07-28 19:26:13 [ERROR] [628394] [628469] [number_mapping.cpp:267] Unknown key: 65535, type: 0
2026-07-28 19:26:13 [ERROR] [628394] [628469] [number_mapping.cpp:267] Unknown key: 65535, type: 0
2026-07-28 19:26:13 [ERROR] [628394] [628469] [number_mapping.cpp:267] Unknown key: 65535, type: 0
2026-07-28 19:26:13 [ERROR] [628394] [628469] [number_mapping.cpp:267] Unknown key: 65535, type: 0
2026-07-28 19:26:13 [ERROR] [628394] [628469] [number_mapping.cpp:267] Unknown key: 65535, type: 0
2026-07-28 19:26:13 [ERROR] [628394] [628469] [number_mapping.cpp:267] Unknown key: 65535, type: 0
2026-07-28 19:26:13 [ERROR] [628394] [628469] [number_mapping.cpp:267] Unknown key: 65535, type: 0
2026-07-28 19:26:13 [ERROR] [628394] [628469] [number_mapping.cpp:267] Unknown key: 65535, type: 0
2026-07-28 19:26:13 [ERROR] [628394] [628469] [number_mapping.cpp:267] Unknown key: 65535, type: 0
2026-07-28 19:26:13 [ERROR] [628394] [628469] [number_mapping.cpp:267] Unknown key: 65535, type: 0
2026-07-28 19:26:13 [ERROR] [628394] [628469] [number_mapping.cpp:267] Unknown key: 65535, type: 0
2026-07-28 19:26:13 [ERROR] [628394] [628469] [number_mapping.cpp:267] Unknown key: 65535, type: 0
2026-07-28 19:26:13 [ERROR] [628394] [628469] [number_mapping.cpp:267] Unknown key: 65535, type: 0
2026-07-28 19:26:13 [ERROR] [628394] [628469] [number_mapping.cpp:267] Unknown key: 65535, type: 0
2026-07-28 19:26:13 [ERROR] [628394] [628469] [number_mapping.cpp:267] Unknown key: 65535, type: 0
2026-07-28 19:26:13 [ERROR] [628394] [628469] [number_mapping.cpp:267] Unknown key: 65535, type: 0
2026-07-28 19:26:13 [ERROR] [628394] [628469] [number_mapping.cpp:267] Unknown key: 65535, type: 0
2026-07-28 19:26:13 [ERROR] [628394] [628469] [number_mapping.cpp:267] Unknown key: 65535, type: 0
2026-07-28 19:26:13 [ERROR] [628394] [628469] [number_mapping.cpp:267] Unknown key: 65535, type: 0
2026-07-28 19:26:13 [ERROR] [628394] [628469] [number_mapping.cpp:267] Unknown key: 65535, type: 0
2026-07-28 19:26:13 [ERROR] [628394] [628469] [number_mapping.cpp:267] Unknown key: 65535, type: 0
2026-07-28 19:26:13 [ERROR] [628394] [628469] [number_mapping.cpp:267] Unknown key: 65535, type: 0
2026-07-28 19:26:13 [ERROR] [628394] [628469] [number_mapping.cpp:267] Unknown key: 65535, type: 0
2026-07-28 19:26:13 [ERROR] [628394] [628469] [number_mapping.cpp:267] Unknown key: 65535, type: 0
2026-07-28 19:26:13 [ERROR] [628394] [628469] [number_mapping.cpp:267] Unknown key: 65535, type: 0
2026-07-28 19:26:13 [ERROR] [628394] [628469] [number_mapping.cpp:267] Unknown key: 65535, type: 0
2026-07-28 19:26:13 [ERROR] [628394] [628469] [number_mapping.cpp:267] Unknown key: 65535, type: 0
2026-07-28 19:26:13 [ERROR] [628394] [628469] [number_mapping.cpp:267] Unknown key: 65535, type: 0
2026-07-28 19:26:13 [ERROR] [628394] [628469] [number_mapping.cpp:267] Unknown key: 65535, type: 0
2026-07-28 19:26:13 [ERROR] [628394] [628469] [number_mapping.cpp:267] Unknown key: 65535, type: 0
2026-07-28 19:26:13 [ERROR] [628394] [628469] [number_mapping.cpp:267] Unknown key: 65535, type: 0
2026-07-28 19:26:13 [ERROR] [628394] [628469] [number_mapping.cpp:267] Unknown key: 65535, type: 0
2026-07-28 19:26:13 [ERROR] [628394] [628469] [number_mapping.cpp:267] Unknown key: 65535, type: 0
2026-07-28 19:26:13 [ERROR] [628394] [628469] [number_mapping.cpp:267] Unknown key: 65535, type: 0
2026-07-28 19:26:13 [ERROR] [628394] [628469] [number_mapping.cpp:267] Unknown key: 65535, type: 0
2026-07-28 19:26:13 [ERROR] [628394] [628469] [number_mapping.cpp:267] Unknown key: 65535, type: 0
2026-07-28 19:26:13 [ERROR] [628394] [628469] [number_mapping.cpp:267] Unknown key: 65535, type: 0
2026-07-28 19:26:13 [ERROR] [628394] [628469] [number_mapping.cpp:267] Unknown key: 65535, type: 0
2026-07-28 19:26:13 [ERROR] [628394] [628469] [number_mapping.cpp:267] Unknown key: 65535, type: 0
2026-07-28 19:26:13 [ERROR] [628394] [628469] [number_mapping.cpp:267] Unknown key: 65535, type: 0
2026-07-28 19:26:13 [ERROR] [628394] [628469] [number_mapping.cpp:267] Unknown key: 65535, type: 0
2026-07-28 19:26:13 [ERROR] [628394] [628469] [number_mapping.cpp:267] Unknown key: 65535, type: 0
2026-07-28 19:26:13 [ERROR] [628394] [628469] [number_mapping.cpp:267] Unknown key: 65535, type: 0
2026-07-28 19:26:13 [ERROR] [628394] [628469] [number_mapping.cpp:267] Unknown key: 65535, type: 0
2026-07-28 19:26:13 [ERROR] [628394] [628469] [number_mapping.cpp:267] Unknown key: 65535, type: 0
2026-07-28 19:26:13 [ERROR] [628394] [628469] [number_mapping.cpp:267] Unknown key: 65535, type: 0
2026-07-28 19:26:13 [ERROR] [628394] [628469] [number_mapping.cpp:267] Unknown key: 65535, type: 0
2026-07-28 19:26:13 [ERROR] [628394] [628469] [number_mapping.cpp:267] Unknown key: 65535, type: 0
2026-07-28 19:26:13 [ERROR] [628394] [628469] [number_mapping.cpp:267] Unknown key: 65535, type: 0
2026-07-28 19:26:13 [ERROR] [628394] [628469] [number_mapping.cpp:267] Unknown key: 65535, type: 0
2026-07-28 19:26:13 [ERROR] [628394] [628469] [number_mapping.cpp:267] Unknown key: 65535, type: 0
2026-07-28 19:26:13 [ERROR] [628394] [628469] [number_mapping.cpp:267] Unknown key: 65535, type: 0
2026-07-28 19:26:13 [ERROR] [628394] [628469] [number_mapping.cpp:267] Unknown key: 65535, type: 0
2026-07-28 19:26:13 [ERROR] [628394] [628469] [number_mapping.cpp:267] Unknown key: 65535, type: 0
2026-07-28 19:26:13 [ERROR] [628394] [628469] [number_mapping.cpp:267] Unknown key: 65535, type: 0
2026-07-28 19:26:13 [ERROR] [628394] [628469] [number_mapping.cpp:267] Unknown key: 65535, type: 0
2026-07-28 19:26:13 [ERROR] [628394] [628469] [number_mapping.cpp:267] Unknown key: 65535, type: 0
2026-07-28 19:26:13 [ERROR] [628394] [628469] [number_mapping.cpp:267] Unknown key: 65535, type: 0
2026-07-28 19:26:13 [ERROR] [628394] [628469] [number_mapping.cpp:267] Unknown key: 65535, type: 0
2026-07-28 19:26:13 [ERROR] [628394] [628469] [number_mapping.cpp:267] Unknown key: 65535, type: 0
2026-07-28 19:26:13 [ERROR] [628394] [628469] [number_mapping.cpp:267] Unknown key: 65535, type: 0
2026-07-28 19:26:13 [ERROR] [628394] [628469] [number_mapping.cpp:267] Unknown key: 65535, type: 0
2026-07-28 19:26:13 [ERROR] [628394] [628469] [number_mapping.cpp:267] Unknown key: 65535, type: 0
2026-07-28 19:26:13 [ERROR] [628394] [628469] [number_mapping.cpp:267] Unknown key: 65535, type: 0
2026-07-28 19:26:13 [ERROR] [628394] [628469] [number_mapping.cpp:267] Unknown key: 65535, type: 0
2026-07-28 19:26:13 [ERROR] [628394] [628469] [number_mapping.cpp:267] Unknown key: 65535, type: 0
2026-07-28 19:26:13 [ERROR] [628394] [628469] [number_mapping.cpp:267] Unknown key: 65535, type: 0
2026-07-28 19:26:13 [ERROR] [628394] [628469] [number_mapping.cpp:267] Unknown key: 65535, type: 0
2026-07-28 19:26:13 [ERROR] [628394] [628469] [number_mapping.cpp:267] Unknown key: 65535, type: 0
2026-07-28 19:26:13 [ERROR] [628394] [628469] [number_mapping.cpp:267] Unknown key: 65535, type: 0
2026-07-28 19:26:13 [ERROR] [628394] [628469] [number_mapping.cpp:267] Unknown key: 65535, type: 0
2026-07-28 19:26:13 [ERROR] [628394] [628469] [number_mapping.cpp:267] Unknown key: 65535, type: 0
2026-07-28 19:26:13 [ERROR] [628394] [628469] [number_mapping.cpp:267] Unknown key: 65535, type: 0
2026-07-28 19:26:13 [ERROR] [628394] [628469] [number_mapping.cpp:267] Unknown key: 65535, type: 0
2026-07-28 19:26:13 [ERROR] [628394] [628469] [number_mapping.cpp:267] Unknown key: 65535, type: 0
2026-07-28 19:26:13 [ERROR] [628394] [628469] [number_mapping.cpp:267] Unknown key: 65535, type: 0
2026-07-28 19:26:13 [ERROR] [628394] [628469] [number_mapping.cpp:267] Unknown key: 65535, type: 0
2026-07-28 19:26:13 [ERROR] [628394] [628469] [number_mapping.cpp:267] Unknown key: 65535, type: 0
2026-07-28 19:26:13 [ERROR] [628394] [628469] [number_mapping.cpp:267] Unknown key: 65535, type: 0
2026-07-28 19:26:13 [ERROR] [628394] [628469] [number_mapping.cpp:267] Unknown key: 65535, type: 0
2026-07-28 19:26:13 [ERROR] [628394] [628469] [number_mapping.cpp:267] Unknown key: 65535, type: 0
2026-07-28 19:26:13 [ERROR] [628394] [628469] [number_mapping.cpp:267] Unknown key: 65535, type: 0
2026-07-28 19:26:13 [ERROR] [628394] [628469] [number_mapping.cpp:267] Unknown key: 65535, type: 0
2026-07-28 19:26:13 [ERROR] [628394] [628469] [number_mapping.cpp:267] Unknown key: 65535, type: 0
2026-07-28 19:26:13 [ERROR] [628394] [628469] [number_mapping.cpp:267] Unknown key: 65535, type: 0
2026-07-28 19:26:13 [ERROR] [628394] [628469] [number_mapping.cpp:267] Unknown key: 65535, type: 0
2026-07-28 19:26:13 [ERROR] [628394] [628469] [number_mapping.cpp:267] Unknown key: 65535, type: 0
2026-07-28 19:26:13 [ERROR] [628394] [628469] [number_mapping.cpp:267] Unknown key: 65535, type: 0
2026-07-28 19:26:13 [ERROR] [628394] [628469] [number_mapping.cpp:267] Unknown key: 65535, type: 0
2026-07-28 19:26:13 [ERROR] [628394] [628469] [number_mapping.cpp:267] Unknown key: 65535, type: 0
2026-07-28 19:26:13 [ERROR] [628394] [628469] [number_mapping.cpp:267] Unknown key: 65535, type: 0
2026-07-28 19:26:13 [ERROR] [628394] [628469] [number_mapping.cpp:267] Unknown key: 65535, type: 0
2026-07-28 19:26:13 [ERROR] [628394] [628469] [number_mapping.cpp:267] Unknown key: 65535, type: 0
2026-07-28 19:26:13 [ERROR] [628394] [628469] [number_mapping.cpp:267] Unknown key: 65535, type: 0
2026-07-28 19:26:13 [ERROR] [628394] [628469] [number_mapping.cpp:267] Unknown key: 65535, type: 0
2026-07-28 19:26:13 [ERROR] [628394] [628469] [number_mapping.cpp:267] Unknown key: 65535, type: 0
2026-07-28 19:26:13 [ERROR] [628394] [628469] [number_mapping.cpp:267] Unknown key: 65535, type: 0
2026-07-28 19:26:13 [ERROR] [628394] [628469] [number_mapping.cpp:267] Unknown key: 65535, type: 0
2026-07-28 19:26:13 [ERROR] [628394] [628469] [number_mapping.cpp:267] Unknown key: 65535, type: 0
2026-07-28 19:26:13 [ERROR] [628394] [628469] [number_mapping.cpp:267] Unknown key: 65535, type: 0
2026-07-28 19:26:13 [ERROR] [628394] [628469] [number_mapping.cpp:267] Unknown key: 65535, type: 0
2026-07-28 19:26:13 [ERROR] [628394] [628469] [number_mapping.cpp:267] Unknown key: 65535, type: 0
2026-07-28 19:26:13 [ERROR] [628394] [628469] [number_mapping.cpp:267] Unknown key: 65535, type: 0
2026-07-28 19:26:13 [ERROR] [628394] [628469] [number_mapping.cpp:267] Unknown key: 65535, type: 0
2026-07-28 19:26:13 [ERROR] [628394] [628469] [number_mapping.cpp:267] Unknown key: 65535, type: 0
2026-07-28 19:26:13 [ERROR] [628394] [628469] [number_mapping.cpp:267] Unknown key: 65535, type: 0
2026-07-28 19:26:13 [ERROR] [628394] [628469] [number_mapping.cpp:267] Unknown key: 65535, type: 0
2026-07-28 19:26:13 [ERROR] [628394] [628469] [number_mapping.cpp:267] Unknown key: 65535, type: 0
2026-07-28 19:26:13 [ERROR] [628394] [628469] [number_mapping.cpp:267] Unknown key: 65535, type: 0
2026-07-28 19:26:13 [ERROR] [628394] [628469] [number_mapping.cpp:267] Unknown key: 65535, type: 0
2026-07-28 19:26:13 [ERROR] [628394] [628469] [number_mapping.cpp:267] Unknown key: 65535, type: 0
2026-07-28 19:26:13 [ERROR] [628394] [628469] [number_mapping.cpp:267] Unknown key: 65535, type: 0
2026-07-28 19:26:13 [ERROR] [628394] [628469] [number_mapping.cpp:267] Unknown key: 65535, type: 0
2026-07-28 19:26:13 [ERROR] [628394] [628469] [number_mapping.cpp:267] Unknown key: 65535, type: 0
2026-07-28 19:26:13 [ERROR] [628394] [628469] [number_mapping.cpp:267] Unknown key: 65535, type: 0
2026-07-28 19:26:13 [ERROR] [628394] [628469] [number_mapping.cpp:267] Unknown key: 65535, type: 0
2026-07-28 19:26:13 [ERROR] [628394] [628469] [number_mapping.cpp:267] Unknown key: 65535, type: 0
2026-07-28 19:26:13 [ERROR] [628394] [628469] [number_mapping.cpp:267] Unknown key: 65535, type: 0
2026-07-28 19:26:13 [ERROR] [628394] [628469] [number_mapping.cpp:267] Unknown key: 65535, type: 0
2026-07-28 19:26:13 [ERROR] [628394] [628469] [number_mapping.cpp:267] Unknown key: 65535, type: 0
2026-07-28 19:26:13 [ERROR] [628394] [628469] [number_mapping.cpp:267] Unknown key: 65535, type: 0
2026-07-28 19:26:13 [ERROR] [628394] [628469] [number_mapping.cpp:267] Unknown key: 65535, type: 0
2026-07-28 19:26:13 [ERROR] [628394] [628469] [number_mapping.cpp:267] Unknown key: 65535, type: 0
2026-07-28 19:26:13 [ERROR] [628394] [628469] [number_mapping.cpp:267] Unknown key: 65535, type: 0
2026-07-28 19:26:13 [ERROR] [628394] [628469] [number_mapping.cpp:267] Unknown key: 65535, type: 0
2026-07-28 19:26:13 [ERROR] [628394] [628469] [number_mapping.cpp:267] Unknown key: 65535, type: 0
2026-07-28 19:26:13 [ERROR] [628394] [628469] [number_mapping.cpp:267] Unknown key: 65535, type: 0
2026-07-28 19:26:13 [ERROR] [628394] [628469] [number_mapping.cpp:267] Unknown key: 65535, type: 0
2026-07-28 19:26:13 [ERROR] [628394] [628469] [number_mapping.cpp:267] Unknown key: 65535, type: 0
2026-07-28 19:26:13 [ERROR] [628394] [628469] [number_mapping.cpp:267] Unknown key: 65535, type: 0
2026-07-28 19:26:13 [ERROR] [628394] [628469] [number_mapping.cpp:267] Unknown key: 65535, type: 0
2026-07-28 19:26:13 [ERROR] [628394] [628469] [number_mapping.cpp:267] Unknown key: 65535, type: 0
2026-07-28 19:26:13 [ERROR] [628394] [628469] [number_mapping.cpp:267] Unknown key: 65535, type: 0
2026-07-28 19:26:13 [ERROR] [628394] [628469] [number_mapping.cpp:267] Unknown key: 65535, type: 0
2026-07-28 19:26:13 [ERROR] [628394] [628469] [number_mapping.cpp:267] Unknown key: 65535, type: 0
2026-07-28 19:26:13 [ERROR] [628394] [628469] [number_mapping.cpp:267] Unknown key: 65535, type: 0
2026-07-28 19:26:13 [ERROR] [628394] [628469] [number_mapping.cpp:267] Unknown key: 65535, type: 0
2026-07-28 19:26:13 [ERROR] [628394] [628469] [number_mapping.cpp:267] Unknown key: 65535, type: 0
2026-07-28 19:26:13 [ERROR] [628394] [628469] [number_mapping.cpp:267] Unknown key: 65535, type: 0
2026-07-28 19:26:13 [ERROR] [628394] [628469] [number_mapping.cpp:267] Unknown key: 65535, type: 0
2026-07-28 19:26:13 [ERROR] [628394] [628469] [number_mapping.cpp:267] Unknown key: 65535, type: 0
2026-07-28 19:26:13 [ERROR] [628394] [628469] [number_mapping.cpp:267] Unknown key: 65535, type: 0
2026-07-28 19:26:13 [ERROR] [628394] [628469] [number_mapping.cpp:267] Unknown key: 65535, type: 0
2026-07-28 19:26:13 [ERROR] [628394] [628469] [number_mapping.cpp:267] Unknown key: 65535, type: 0
2026-07-28 19:26:13 [ERROR] [628394] [628469] [number_mapping.cpp:267] Unknown key: 65535, type: 0
2026-07-28 19:26:13 [ERROR] [628394] [628469] [number_mapping.cpp:267] Unknown key: 65535, type: 0
2026-07-28 19:26:13 [ERROR] [628394] [628469] [number_mapping.cpp:267] Unknown key: 65535, type: 0
2026-07-28 19:26:13 [ERROR] [628394] [628469] [number_mapping.cpp:267] Unknown key: 65535, type: 0
2026-07-28 19:26:13 [ERROR] [628394] [628469] [number_mapping.cpp:267] Unknown key: 65535, type: 0
2026-07-28 19:26:13 [ERROR] [628394] [628469] [number_mapping.cpp:267] Unknown key: 65535, type: 0
2026-07-28 19:26:13 [ERROR] [628394] [628469] [number_mapping.cpp:267] Unknown key: 65535, type: 0
2026-07-28 19:26:13 [ERROR] [628394] [628469] [number_mapping.cpp:267] Unknown key: 65535, type: 0
2026-07-28 19:26:13 [ERROR] [628394] [628469] [number_mapping.cpp:267] Unknown key: 65535, type: 0
2026-07-28 19:26:13 [ERROR] [628394] [628469] [number_mapping.cpp:267] Unknown key: 65535, type: 0
2026-07-28 19:26:13 [ERROR] [628394] [628469] [number_mapping.cpp:267] Unknown key: 65535, type: 0
2026-07-28 19:26:13 [ERROR] [628394] [628469] [number_mapping.cpp:267] Unknown key: 65535, type: 0
2026-07-28 19:26:13 [ERROR] [628394] [628469] [number_mapping.cpp:267] Unknown key: 65535, type: 0
2026-07-28 19:26:13 [ERROR] [628394] [628469] [number_mapping.cpp:267] Unknown key: 65535, type: 0
2026-07-28 19:26:13 [ERROR] [628394] [628469] [number_mapping.cpp:267] Unknown key: 65535, type: 0
2026-07-28 19:26:13 [ERROR] [628394] [628469] [number_mapping.cpp:267] Unknown key: 65535, type: 0
2026-07-28 19:26:13 [ERROR] [628394] [628469] [number_mapping.cpp:267] Unknown key: 65535, type: 0
2026-07-28 19:26:13 [ERROR] [628394] [628469] [number_mapping.cpp:267] Unknown key: 65535, type: 0
2026-07-28 19:26:13 [ERROR] [628394] [628469] [number_mapping.cpp:267] Unknown key: 65535, type: 0
2026-07-28 19:26:13 [ERROR] [628394] [628469] [number_mapping.cpp:267] Unknown key: 65535, type: 0
2026-07-28 19:26:13 [ERROR] [628394] [628469] [number_mapping.cpp:267] Unknown key: 65535, type: 0
2026-07-28 19:26:13 [ERROR] [628394] [628469] [number_mapping.cpp:267] Unknown key: 65535, type: 0
2026-07-28 19:26:13 [ERROR] [628394] [628469] [number_mapping.cpp:267] Unknown key: 65535, type: 0
2026-07-28 19:26:13 [ERROR] [628394] [628469] [number_mapping.cpp:267] Unknown key: 65535, type: 0
2026-07-28 19:26:13 [ERROR] [628394] [628469] [number_mapping.cpp:267] Unknown key: 65535, type: 0
2026-07-28 19:26:13 [ERROR] [628394] [628469] [number_mapping.cpp:267] Unknown key: 65535, type: 0
2026-07-28 19:26:13 [ERROR] [628394] [628469] [number_mapping.cpp:267] Unknown key: 65535, type: 0
2026-07-28 19:26:13 [ERROR] [628394] [628469] [number_mapping.cpp:267] Unknown key: 65535, type: 0
2026-07-28 19:26:13 [ERROR] [628394] [628469] [number_mapping.cpp:267] Unknown key: 65535, type: 0
2026-07-28 19:26:13 [ERROR] [628394] [628469] [number_mapping.cpp:267] Unknown key: 65535, type: 0
2026-07-28 19:26:13 [ERROR] [628394] [628469] [number_mapping.cpp:267] Unknown key: 65535, type: 0
2026-07-28 19:26:13 [ERROR] [628394] [628469] [number_mapping.cpp:267] Unknown key: 65535, type: 0
2026-07-28 19:26:13 [ERROR] [628394] [628469] [number_mapping.cpp:267] Unknown key: 65535, type: 0
2026-07-28 19:26:13 [ERROR] [628394] [628469] [number_mapping.cpp:267] Unknown key: 65535, type: 0
2026-07-28 19:26:13 [ERROR] [628394] [628469] [number_mapping.cpp:267] Unknown key: 65535, type: 0
2026-07-28 19:26:13 [ERROR] [628394] [628469] [number_mapping.cpp:267] Unknown key: 65535, type: 0
2026-07-28 19:26:13 [ERROR] [628394] [628469] [number_mapping.cpp:267] Unknown key: 65535, type: 0
2026-07-28 19:26:13 [ERROR] [628394] [628469] [number_mapping.cpp:267] Unknown key: 65535, type: 0
2026-07-28 19:26:13 [ERROR] [628394] [628469] [number_mapping.cpp:267] Unknown key: 65535, type: 0
2026-07-28 19:26:13 [ERROR] [628394] [628469] [number_mapping.cpp:267] Unknown key: 65535, type: 0
2026-07-28 19:26:13 [ERROR] [628394] [628469] [number_mapping.cpp:267] Unknown key: 65535, type: 0
2026-07-28 19:26:13 [ERROR] [628394] [628469] [number_mapping.cpp:267] Unknown key: 65535, type: 0
2026-07-28 19:26:13 [ERROR] [628394] [628469] [number_mapping.cpp:267] Unknown key: 65535, type: 0
2026-07-28 19:26:13 [ERROR] [628394] [628469] [number_mapping.cpp:267] Unknown key: 65535, type: 0
2026-07-28 19:26:13 [ERROR] [628394] [628469] [number_mapping.cpp:267] Unknown key: 65535, type: 0
2026-07-28 19:26:13 [ERROR] [628394] [628469] [number_mapping.cpp:267] Unknown key: 65535, type: 0
2026-07-28 19:26:13 [ERROR] [628394] [628469] [number_mapping.cpp:267] Unknown key: 65535, type: 0
2026-07-28 19:26:13 [ERROR] [628394] [628469] [number_mapping.cpp:267] Unknown key: 65535, type: 0
2026-07-28 19:26:13 [ERROR] [628394] [628469] [number_mapping.cpp:267] Unknown key: 65535, type: 0
2026-07-28 19:26:13 [ERROR] [628394] [628469] [number_mapping.cpp:267] Unknown key: 65535, type: 0
2026-07-28 19:26:13 [ERROR] [628394] [628469] [number_mapping.cpp:267] Unknown key: 65535, type: 0
2026-07-28 19:26:13 [ERROR] [628394] [628469] [number_mapping.cpp:267] Unknown key: 65535, type: 0
2026-07-28 19:26:13 [ERROR] [628394] [628469] [number_mapping.cpp:267] Unknown key: 65535, type: 0
2026-07-28 19:26:13 [ERROR] [628394] [628469] [number_mapping.cpp:267] Unknown key: 65535, type: 0
2026-07-28 19:26:13 [ERROR] [628394] [628469] [number_mapping.cpp:267] Unknown key: 65535, type: 0
2026-07-28 19:26:13 [ERROR] [628394] [628469] [number_mapping.cpp:267] Unknown key: 65535, type: 0
2026-07-28 19:26:13 [ERROR] [628394] [628469] [number_mapping.cpp:267] Unknown key: 65535, type: 0
2026-07-28 19:26:13 [ERROR] [628394] [628469] [number_mapping.cpp:267] Unknown key: 65535, type: 0
2026-07-28 19:26:13 [ERROR] [628394] [628469] [number_mapping.cpp:267] Unknown key: 65535, type: 0
2026-07-28 19:26:13 [ERROR] [628394] [628469] [number_mapping.cpp:267] Unknown key: 65535, type: 0
2026-07-28 19:26:13 [ERROR] [628394] [628469] [number_mapping.cpp:267] Unknown key: 65535, type: 0
2026-07-28 19:26:13 [ERROR] [628394] [628469] [number_mapping.cpp:267] Unknown key: 65535, type: 0
2026-07-28 19:26:13 [ERROR] [628394] [628469] [number_mapping.cpp:267] Unknown key: 65535, type: 0
2026-07-28 19:26:13 [ERROR] [628394] [628469] [number_mapping.cpp:267] Unknown key: 65535, type: 0
2026-07-28 19:26:13 [ERROR] [628394] [628469] [number_mapping.cpp:267] Unknown key: 65535, type: 0
2026-07-28 19:26:13 [ERROR] [628394] [628469] [number_mapping.cpp:267] Unknown key: 65535, type: 0
2026-07-28 19:26:13 [ERROR] [628394] [628469] [number_mapping.cpp:267] Unknown key: 65535, type: 0
2026-07-28 19:26:13 [ERROR] [628394] [628469] [number_mapping.cpp:267] Unknown key: 65535, type: 0
2026-07-28 19:26:13 [ERROR] [628394] [628469] [number_mapping.cpp:267] Unknown key: 65535, type: 0
2026-07-28 19:26:13 [ERROR] [628394] [628469] [number_mapping.cpp:267] Unknown key: 65535, type: 0
2026-07-28 19:26:13 [ERROR] [628394] [628469] [number_mapping.cpp:267] Unknown key: 65535, type: 0
2026-07-28 19:26:13 [ERROR] [628394] [628469] [number_mapping.cpp:267] Unknown key: 65535, type: 0
2026-07-28 19:26:13 [ERROR] [628394] [628469] [number_mapping.cpp:267] Unknown key: 65535, type: 0
2026-07-28 19:26:13 [ERROR] [628394] [628469] [number_mapping.cpp:267] Unknown key: 65535, type: 0
2026-07-28 19:26:13 [ERROR] [628394] [628469] [number_mapping.cpp:267] Unknown key: 65535, type: 0
2026-07-28 19:26:13 [ERROR] [628394] [628469] [number_mapping.cpp:267] Unknown key: 65535, type: 0
2026-07-28 19:26:13 [ERROR] [628394] [628469] [number_mapping.cpp:267] Unknown key: 65535, type: 0
2026-07-28 19:26:13 [ERROR] [628394] [628469] [number_mapping.cpp:267] Unknown key: 65535, type: 0
2026-07-28 19:26:13 [ERROR] [628394] [628469] [number_mapping.cpp:267] Unknown key: 65535, type: 0
2026-07-28 19:26:13 [ERROR] [628394] [628469] [number_mapping.cpp:267] Unknown key: 65535, type: 0
2026-07-28 19:26:13 [ERROR] [628394] [628469] [number_mapping.cpp:267] Unknown key: 65535, type: 0
2026-07-28 19:26:13 [ERROR] [628394] [628469] [number_mapping.cpp:267] Unknown key: 65535, type: 0
2026-07-28 19:26:13 [ERROR] [628394] [628469] [number_mapping.cpp:267] Unknown key: 65535, type: 0
2026-07-28 19:26:13 [ERROR] [628394] [628469] [number_mapping.cpp:267] Unknown key: 65535, type: 0
2026-07-28 19:26:13 [ERROR] [628394] [628469] [number_mapping.cpp:267] Unknown key: 65535, type: 0
2026-07-28 19:26:13 [ERROR] [628394] [628469] [number_mapping.cpp:267] Unknown key: 65535, type: 0
2026-07-28 19:26:13 [ERROR] [628394] [628469] [number_mapping.cpp:267] Unknown key: 65535, type: 0
2026-07-28 19:26:13 [ERROR] [628394] [628469] [number_mapping.cpp:267] Unknown key: 65535, type: 0
2026-07-28 19:26:13 [ERROR] [628394] [628469] [number_mapping.cpp:267] Unknown key: 65535, type: 0
2026-07-28 19:26:13 [ERROR] [628394] [628469] [number_mapping.cpp:267] Unknown key: 65535, type: 0
2026-07-28 19:26:13 [ERROR] [628394] [628469] [number_mapping.cpp:267] Unknown key: 65535, type: 0
2026-07-28 19:26:13 [ERROR] [628394] [628469] [number_mapping.cpp:267] Unknown key: 65535, type: 0
2026-07-28 19:26:13 [ERROR] [628394] [628469] [number_mapping.cpp:267] Unknown key: 65535, type: 0
2026-07-28 19:26:13 [ERROR] [628394] [628469] [number_mapping.cpp:267] Unknown key: 65535, type: 0
2026-07-28 19:26:13 [ERROR] [628394] [628469] [number_mapping.cpp:267] Unknown key: 65535, type: 0
2026-07-28 19:26:13 [ERROR] [628394] [628469] [number_mapping.cpp:267] Unknown key: 65535, type: 0
2026-07-28 19:26:13 [ERROR] [628394] [628469] [number_mapping.cpp:267] Unknown key: 65535, type: 0
2026-07-28 19:26:13 [ERROR] [628394] [628469] [number_mapping.cpp:267] Unknown key: 65535, type: 0
2026-07-28 19:26:13 [ERROR] [628394] [628469] [number_mapping.cpp:267] Unknown key: 65535, type: 0
2026-07-28 19:26:13 [ERROR] [628394] [628469] [number_mapping.cpp:267] Unknown key: 65535, type: 0
2026-07-28 19:26:13 [ERROR] [628394] [628469] [number_mapping.cpp:267] Unknown key: 65535, type: 0
2026-07-28 19:26:13 [ERROR] [628394] [628469] [number_mapping.cpp:267] Unknown key: 65535, type: 0
2026-07-28 19:26:13 [ERROR] [628394] [628469] [number_mapping.cpp:267] Unknown key: 65535, type: 0
2026-07-28 19:26:13 [ERROR] [628394] [628469] [number_mapping.cpp:267] Unknown key: 65535, type: 0
2026-07-28 19:26:13 [ERROR] [628394] [628469] [number_mapping.cpp:267] Unknown key: 65535, type: 0
2026-07-28 19:26:13 [ERROR] [628394] [628469] [number_mapping.cpp:267] Unknown key: 65535, type: 0
2026-07-28 19:26:13 [ERROR] [628394] [628469] [number_mapping.cpp:267] Unknown key: 65535, type: 0
2026-07-28 19:26:13 [ERROR] [628394] [628469] [number_mapping.cpp:267] Unknown key: 65535, type: 0
2026-07-28 19:26:13 [ERROR] [628394] [628469] [number_mapping.cpp:267] Unknown key: 65535, type: 0
2026-07-28 19:26:13 [ERROR] [628394] [628469] [number_mapping.cpp:267] Unknown key: 65535, type: 0
2026-07-28 19:26:13 [ERROR] [628394] [628469] [number_mapping.cpp:267] Unknown key: 65535, type: 0
2026-07-28 19:26:13 [ERROR] [628394] [628469] [number_mapping.cpp:267] Unknown key: 65535, type: 0
2026-07-28 19:26:13 [ERROR] [628394] [628469] [number_mapping.cpp:267] Unknown key: 65535, type: 0
2026-07-28 19:26:13 [ERROR] [628394] [628469] [number_mapping.cpp:267] Unknown key: 65535, type: 0
2026-07-28 19:26:13 [ERROR] [628394] [628469] [number_mapping.cpp:267] Unknown key: 65535, type: 0
2026-07-28 19:26:13 [ERROR] [628394] [628469] [number_mapping.cpp:267] Unknown key: 65535, type: 0
2026-07-28 19:26:13 [ERROR] [628394] [628469] [number_mapping.cpp:267] Unknown key: 65535, type: 0
2026-07-28 19:26:13 [ERROR] [628394] [628469] [number_mapping.cpp:267] Unknown key: 65535, type: 0
2026-07-28 19:26:13 [ERROR] [628394] [628469] [number_mapping.cpp:267] Unknown key: 65535, type: 0
2026-07-28 19:26:13 [ERROR] [628394] [628469] [number_mapping.cpp:267] Unknown key: 65535, type: 0
2026-07-28 19:26:13 [ERROR] [628394] [628469] [number_mapping.cpp:267] Unknown key: 65535, type: 0
2026-07-28 19:26:13 [ERROR] [628394] [628469] [number_mapping.cpp:267] Unknown key: 65535, type: 0
2026-07-28 19:26:13 [ERROR] [628394] [628469] [number_mapping.cpp:267] Unknown key: 65535, type: 0
2026-07-28 19:26:13 [ERROR] [628394] [628469] [number_mapping.cpp:267] Unknown key: 65535, type: 0
2026-07-28 19:26:13 [ERROR] [628394] [628469] [number_mapping.cpp:267] Unknown key: 65535, type: 0
2026-07-28 19:26:13 [ERROR] [628394] [628469] [number_mapping.cpp:267] Unknown key: 65535, type: 0
2026-07-28 19:26:13 [ERROR] [628394] [628469] [number_mapping.cpp:267] Unknown key: 65535, type: 0
2026-07-28 19:26:13 [ERROR] [628394] [628469] [number_mapping.cpp:267] Unknown key: 65535, type: 0
2026-07-28 19:26:13 [ERROR] [628394] [628469] [number_mapping.cpp:267] Unknown key: 65535, type: 0
2026-07-28 19:26:13 [ERROR] [628394] [628469] [number_mapping.cpp:267] Unknown key: 65535, type: 0
2026-07-28 19:26:13 [ERROR] [628394] [628469] [number_mapping.cpp:267] Unknown key: 65535, type: 0
2026-07-28 19:26:13 [ERROR] [628394] [628469] [number_mapping.cpp:267] Unknown key: 65535, type: 0
2026-07-28 19:26:13 [ERROR] [628394] [628469] [number_mapping.cpp:267] Unknown key: 65535, type: 0
2026-07-28 19:26:13 [ERROR] [628394] [628469] [number_mapping.cpp:267] Unknown key: 65535, type: 0
2026-07-28 19:26:13 [ERROR] [628394] [628469] [number_mapping.cpp:267] Unknown key: 65535, type: 0
2026-07-28 19:26:13 [ERROR] [628394] [628469] [number_mapping.cpp:267] Unknown key: 65535, type: 0
2026-07-28 19:26:13 [ERROR] [628394] [628469] [number_mapping.cpp:267] Unknown key: 65535, type: 0
2026-07-28 19:26:13 [ERROR] [628394] [628469] [number_mapping.cpp:267] Unknown key: 65535, type: 0
2026-07-28 19:26:13 [ERROR] [628394] [628469] [number_mapping.cpp:267] Unknown key: 65535, type: 0
2026-07-28 19:26:13 [ERROR] [628394] [628469] [number_mapping.cpp:267] Unknown key: 65535, type: 0
2026-07-28 19:26:13 [ERROR] [628394] [628469] [number_mapping.cpp:267] Unknown key: 65535, type: 0
2026-07-28 19:26:13 [ERROR] [628394] [628469] [number_mapping.cpp:267] Unknown key: 65535, type: 0
2026-07-28 19:26:13 [ERROR] [628394] [628469] [number_mapping.cpp:267] Unknown key: 65535, type: 0
2026-07-28 19:26:13 [ERROR] [628394] [628469] [number_mapping.cpp:267] Unknown key: 65535, type: 0
2026-07-28 19:26:13 [ERROR] [628394] [628469] [number_mapping.cpp:267] Unknown key: 65535, type: 0
2026-07-28 19:26:13 [ERROR] [628394] [628469] [number_mapping.cpp:267] Unknown key: 65535, type: 0
2026-07-28 19:26:13 [ERROR] [628394] [628469] [number_mapping.cpp:267] Unknown key: 65535, type: 0
2026-07-28 19:26:13 [ERROR] [628394] [628469] [number_mapping.cpp:267] Unknown key: 65535, type: 0
2026-07-28 19:26:13 [ERROR] [628394] [628469] [number_mapping.cpp:267] Unknown key: 65535, type: 0
2026-07-28 19:26:13 [ERROR] [628394] [628469] [number_mapping.cpp:267] Unknown key: 65535, type: 0
2026-07-28 19:26:13 [ERROR] [628394] [628469] [number_mapping.cpp:267] Unknown key: 65535, type: 0
2026-07-28 19:26:13 [ERROR] [628394] [628469] [number_mapping.cpp:267] Unknown key: 65535, type: 0
2026-07-28 19:26:13 [ERROR] [628394] [628469] [number_mapping.cpp:267] Unknown key: 65535, type: 0
2026-07-28 19:26:13 [ERROR] [628394] [628469] [number_mapping.cpp:267] Unknown key: 65535, type: 0
2026-07-28 19:26:13 [ERROR] [628394] [628469] [number_mapping.cpp:267] Unknown key: 65535, type: 0
2026-07-28 19:26:13 [ERROR] [628394] [628469] [number_mapping.cpp:267] Unknown key: 65535, type: 0
2026-07-28 19:26:13 [ERROR] [628394] [628469] [number_mapping.cpp:267] Unknown key: 65535, type: 0
2026-07-28 19:26:13 [ERROR] [628394] [628469] [number_mapping.cpp:267] Unknown key: 65535, type: 0
2026-07-28 19:26:13 [ERROR] [628394] [628469] [number_mapping.cpp:267] Unknown key: 65535, type: 0
2026-07-28 19:26:13 [ERROR] [628394] [628469] [number_mapping.cpp:267] Unknown key: 65535, type: 0
2026-07-28 19:26:13 [ERROR] [628394] [628469] [number_mapping.cpp:267] Unknown key: 65535, type: 0
2026-07-28 19:26:13 [ERROR] [628394] [628469] [number_mapping.cpp:267] Unknown key: 65535, type: 0
2026-07-28 19:26:13 [ERROR] [628394] [628469] [number_mapping.cpp:267] Unknown key: 65535, type: 0
2026-07-28 19:26:13 [ERROR] [628394] [628469] [number_mapping.cpp:267] Unknown key: 65535, type: 0
2026-07-28 19:26:13 [ERROR] [628394] [628469] [number_mapping.cpp:267] Unknown key: 65535, type: 0
2026-07-28 19:26:13 [ERROR] [628394] [628469] [number_mapping.cpp:267] Unknown key: 65535, type: 0
2026-07-28 19:26:13 [ERROR] [628394] [628469] [number_mapping.cpp:267] Unknown key: 65535, type: 0
2026-07-28 19:26:13 [ERROR] [628394] [628469] [number_mapping.cpp:267] Unknown key: 65535, type: 0
2026-07-28 19:26:13 [ERROR] [628394] [628469] [number_mapping.cpp:267] Unknown key: 65535, type: 0
2026-07-28 19:26:13 [ERROR] [628394] [628469] [number_mapping.cpp:267] Unknown key: 65535, type: 0
2026-07-28 19:26:13 [ERROR] [628394] [628469] [number_mapping.cpp:267] Unknown key: 65535, type: 0
2026-07-28 19:26:13 [ERROR] [628394] [628469] [number_mapping.cpp:267] Unknown key: 65535, type: 0
2026-07-28 19:26:13 [ERROR] [628394] [628469] [number_mapping.cpp:267] Unknown key: 65535, type: 0
2026-07-28 19:26:13 [ERROR] [628394] [628469] [number_mapping.cpp:267] Unknown key: 65535, type: 0
2026-07-28 19:26:13 [ERROR] [628394] [628469] [number_mapping.cpp:267] Unknown key: 65535, type: 0
2026-07-28 19:26:13 [ERROR] [628394] [628469] [number_mapping.cpp:267] Unknown key: 65535, type: 0
2026-07-28 19:26:13 [ERROR] [628394] [628469] [number_mapping.cpp:267] Unknown key: 65535, type: 0
2026-07-28 19:26:13 [ERROR] [628394] [628469] [number_mapping.cpp:267] Unknown key: 65535, type: 0
2026-07-28 19:26:13 [ERROR] [628394] [628469] [number_mapping.cpp:267] Unknown key: 65535, type: 0
2026-07-28 19:26:13 [ERROR] [628394] [628469] [number_mapping.cpp:267] Unknown key: 65535, type: 0
2026-07-28 19:26:13 [ERROR] [628394] [628469] [number_mapping.cpp:267] Unknown key: 65535, type: 0
2026-07-28 19:26:13 [ERROR] [628394] [628469] [number_mapping.cpp:267] Unknown key: 65535, type: 0
2026-07-28 19:26:13 [ERROR] [628394] [628469] [number_mapping.cpp:267] Unknown key: 65535, type: 0
2026-07-28 19:26:13 [ERROR] [628394] [628469] [number_mapping.cpp:267] Unknown key: 65535, type: 0
2026-07-28 19:26:13 [ERROR] [628394] [628469] [number_mapping.cpp:267] Unknown key: 65535, type: 0
2026-07-28 19:26:13 [ERROR] [628394] [628469] [number_mapping.cpp:267] Unknown key: 65535, type: 0
2026-07-28 19:26:13 [ERROR] [628394] [628469] [number_mapping.cpp:267] Unknown key: 65535, type: 0
2026-07-28 19:26:13 [ERROR] [628394] [628469] [number_mapping.cpp:267] Unknown key: 65535, type: 0
2026-07-28 19:26:13 [ERROR] [628394] [628469] [number_mapping.cpp:267] Unknown key: 65535, type: 0
2026-07-28 19:26:13 [ERROR] [628394] [628469] [number_mapping.cpp:267] Unknown key: 65535, type: 0
2026-07-28 19:26:13 [ERROR] [628394] [628469] [number_mapping.cpp:267] Unknown key: 65535, type: 0
2026-07-28 19:26:13 [ERROR] [628394] [628469] [number_mapping.cpp:267] Unknown key: 65535, type: 0
2026-07-28 19:26:13 [ERROR] [628394] [628469] [number_mapping.cpp:267] Unknown key: 65535, type: 0
2026-07-28 19:26:13 [ERROR] [628394] [628469] [number_mapping.cpp:267] Unknown key: 65535, type: 0
2026-07-28 19:26:13 [ERROR] [628394] [628469] [number_mapping.cpp:267] Unknown key: 65535, type: 0
2026-07-28 19:26:13 [ERROR] [628394] [628469] [number_mapping.cpp:267] Unknown key: 65535, type: 0
2026-07-28 19:26:13 [ERROR] [628394] [628469] [number_mapping.cpp:267] Unknown key: 65535, type: 0
2026-07-28 19:26:13 [ERROR] [628394] [628469] [number_mapping.cpp:267] Unknown key: 65535, type: 0
2026-07-28 19:26:13 [ERROR] [628394] [628469] [number_mapping.cpp:267] Unknown key: 65535, type: 0
2026-07-28 19:26:13 [ERROR] [628394] [628469] [number_mapping.cpp:267] Unknown key: 65535, type: 0
2026-07-28 19:26:13 [ERROR] [628394] [628469] [number_mapping.cpp:267] Unknown key: 65535, type: 0
2026-07-28 19:26:13 [ERROR] [628394] [628469] [number_mapping.cpp:267] Unknown key: 65535, type: 0
2026-07-28 19:26:13 [ERROR] [628394] [628469] [number_mapping.cpp:267] Unknown key: 65535, type: 0
2026-07-28 19:26:13 [ERROR] [628394] [628469] [number_mapping.cpp:267] Unknown key: 65535, type: 0
2026-07-28 19:26:13 [ERROR] [628394] [628469] [number_mapping.cpp:267] Unknown key: 65535, type: 0
2026-07-28 19:26:13 [ERROR] [628394] [628469] [number_mapping.cpp:267] Unknown key: 65535, type: 0
2026-07-28 19:26:13 [ERROR] [628394] [628469] [number_mapping.cpp:267] Unknown key: 65535, type: 0
2026-07-28 19:26:13 [ERROR] [628394] [628469] [number_mapping.cpp:267] Unknown key: 65535, type: 0
2026-07-28 19:26:13 [ERROR] [628394] [628469] [number_mapping.cpp:267] Unknown key: 65535, type: 0
2026-07-28 19:26:13 [ERROR] [628394] [628469] [number_mapping.cpp:267] Unknown key: 65535, type: 0
2026-07-28 19:26:13 [ERROR] [628394] [628469] [number_mapping.cpp:267] Unknown key: 65535, type: 0
2026-07-28 19:26:13 [ERROR] [628394] [628469] [number_mapping.cpp:267] Unknown key: 65535, type: 0
2026-07-28 19:26:13 [ERROR] [628394] [628469] [number_mapping.cpp:267] Unknown key: 65535, type: 0
2026-07-28 19:26:13 [ERROR] [628394] [628469] [number_mapping.cpp:267] Unknown key: 65535, type: 0
2026-07-28 19:26:13 [ERROR] [628394] [628469] [number_mapping.cpp:267] Unknown key: 65535, type: 0
2026-07-28 19:26:13 [ERROR] [628394] [628469] [number_mapping.cpp:267] Unknown key: 65535, type: 0
2026-07-28 19:26:13 [ERROR] [628394] [628469] [number_mapping.cpp:267] Unknown key: 65535, type: 0
2026-07-28 19:26:13 [ERROR] [628394] [628469] [number_mapping.cpp:267] Unknown key: 65535, type: 0
2026-07-28 19:26:13 [ERROR] [628394] [628469] [number_mapping.cpp:267] Unknown key: 65535, type: 0
2026-07-28 19:26:13 [ERROR] [628394] [628469] [number_mapping.cpp:267] Unknown key: 65535, type: 0
2026-07-28 19:26:13 [ERROR] [628394] [628469] [number_mapping.cpp:267] Unknown key: 65535, type: 0
2026-07-28 19:26:13 [ERROR] [628394] [628469] [number_mapping.cpp:267] Unknown key: 65535, type: 0
2026-07-28 19:26:13 [ERROR] [628394] [628469] [number_mapping.cpp:267] Unknown key: 65535, type: 0
2026-07-28 19:26:13 [ERROR] [628394] [628469] [number_mapping.cpp:267] Unknown key: 65535, type: 0
2026-07-28 19:26:13 [ERROR] [628394] [628469] [number_mapping.cpp:267] Unknown key: 65535, type: 0
2026-07-28 19:26:13 [ERROR] [628394] [628469] [number_mapping.cpp:267] Unknown key: 65535, type: 0
2026-07-28 19:26:13 [ERROR] [628394] [628469] [number_mapping.cpp:267] Unknown key: 65535, type: 0
2026-07-28 19:26:13 [ERROR] [628394] [628469] [number_mapping.cpp:267] Unknown key: 65535, type: 0
2026-07-28 19:26:13 [ERROR] [628394] [628469] [number_mapping.cpp:267] Unknown key: 65535, type: 0
2026-07-28 19:26:13 [ERROR] [628394] [628469] [number_mapping.cpp:267] Unknown key: 65535, type: 0
2026-07-28 19:26:13 [ERROR] [628394] [628469] [number_mapping.cpp:267] Unknown key: 65535, type: 0
2026-07-28 19:26:13 [ERROR] [628394] [628469] [number_mapping.cpp:267] Unknown key: 65535, type: 0
2026-07-28 19:26:13 [ERROR] [628394] [628469] [number_mapping.cpp:267] Unknown key: 65535, type: 0
2026-07-28 19:26:13 [ERROR] [628394] [628469] [number_mapping.cpp:267] Unknown key: 65535, type: 0
2026-07-28 19:26:13 [ERROR] [628394] [628469] [number_mapping.cpp:267] Unknown key: 65535, type: 0
2026-07-28 19:26:13 [ERROR] [628394] [628469] [number_mapping.cpp:267] Unknown key: 65535, type: 0
2026-07-28 19:26:13 [ERROR] [628394] [628469] [number_mapping.cpp:267] Unknown key: 65535, type: 0
2026-07-28 19:26:13 [ERROR] [628394] [628469] [number_mapping.cpp:267] Unknown key: 65535, type: 0
2026-07-28 19:26:13 [ERROR] [628394] [628469] [number_mapping.cpp:267] Unknown key: 65535, type: 0
2026-07-28 19:26:13 [ERROR] [628394] [628469] [number_mapping.cpp:267] Unknown key: 65535, type: 0
2026-07-28 19:26:13 [ERROR] [628394] [628469] [number_mapping.cpp:267] Unknown key: 65535, type: 0
2026-07-28 19:26:13 [ERROR] [628394] [628469] [number_mapping.cpp:267] Unknown key: 65535, type: 0
2026-07-28 19:26:13 [ERROR] [628394] [628469] [number_mapping.cpp:267] Unknown key: 65535, type: 0
2026-07-28 19:26:13 [ERROR] [628394] [628469] [number_mapping.cpp:267] Unknown key: 65535, type: 0
2026-07-28 19:26:13 [ERROR] [628394] [628469] [number_mapping.cpp:267] Unknown key: 65535, type: 0
2026-07-28 19:26:13 [ERROR] [628394] [628469] [number_mapping.cpp:267] Unknown key: 65535, type: 0
2026-07-28 19:26:13 [ERROR] [628394] [628469] [number_mapping.cpp:267] Unknown key: 65535, type: 0
2026-07-28 19:26:13 [ERROR] [628394] [628469] [number_mapping.cpp:267] Unknown key: 65535, type: 0
2026-07-28 19:26:13 [ERROR] [628394] [628469] [number_mapping.cpp:267] Unknown key: 65535, type: 0
2026-07-28 19:26:13 [ERROR] [628394] [628469] [number_mapping.cpp:267] Unknown key: 65535, type: 0
2026-07-28 19:26:13 [ERROR] [628394] [628469] [number_mapping.cpp:267] Unknown key: 65535, type: 0
2026-07-28 19:26:13 [ERROR] [628394] [628469] [number_mapping.cpp:267] Unknown key: 65535, type: 0
2026-07-28 19:26:13 [ERROR] [628394] [628469] [number_mapping.cpp:267] Unknown key: 65535, type: 0
2026-07-28 19:26:13 [ERROR] [628394] [628469] [number_mapping.cpp:267] Unknown key: 65535, type: 0
2026-07-28 19:26:13 [ERROR] [628394] [628469] [number_mapping.cpp:267] Unknown key: 65535, type: 0
2026-07-28 19:26:13 [ERROR] [628394] [628469] [number_mapping.cpp:267] Unknown key: 65535, type: 0
2026-07-28 19:26:13 [ERROR] [628394] [628469] [number_mapping.cpp:267] Unknown key: 65535, type: 0
2026-07-28 19:26:13 [ERROR] [628394] [628469] [number_mapping.cpp:267] Unknown key: 65535, type: 0
2026-07-28 19:26:13 [ERROR] [628394] [628469] [number_mapping.cpp:267] Unknown key: 65535, type: 0
2026-07-28 19:26:13 [ERROR] [628394] [628469] [number_mapping.cpp:267] Unknown key: 65535, type: 0
2026-07-28 19:26:13 [ERROR] [628394] [628469] [number_mapping.cpp:267] Unknown key: 65535, type: 0
2026-07-28 19:26:13 [ERROR] [628394] [628469] [number_mapping.cpp:267] Unknown key: 65535, type: 0
2026-07-28 19:26:13 [ERROR] [628394] [628469] [number_mapping.cpp:267] Unknown key: 65535, type: 0
2026-07-28 19:26:13 [ERROR] [628394] [628469] [number_mapping.cpp:267] Unknown key: 65535, type: 0
2026-07-28 19:26:13 [ERROR] [628394] [628469] [number_mapping.cpp:267] Unknown key: 65535, type: 0
2026-07-28 19:26:13 [ERROR] [628394] [628469] [number_mapping.cpp:267] Unknown key: 65535, type: 0
2026-07-28 19:26:13 [ERROR] [628394] [628469] [number_mapping.cpp:267] Unknown key: 65535, type: 0
2026-07-28 19:26:13 [ERROR] [628394] [628469] [number_mapping.cpp:267] Unknown key: 65535, type: 0
2026-07-28 19:26:13 [ERROR] [628394] [628469] [number_mapping.cpp:267] Unknown key: 65535, type: 0
2026-07-28 19:26:13 [ERROR] [628394] [628469] [number_mapping.cpp:267] Unknown key: 65535, type: 0
2026-07-28 19:26:13 [ERROR] [628394] [628469] [number_mapping.cpp:267] Unknown key: 65535, type: 0
2026-07-28 19:26:13 [ERROR] [628394] [628469] [number_mapping.cpp:267] Unknown key: 65535, type: 0
2026-07-28 19:26:13 [ERROR] [628394] [628469] [number_mapping.cpp:267] Unknown key: 65535, type: 0
2026-07-28 19:26:13 [ERROR] [628394] [628469] [number_mapping.cpp:267] Unknown key: 65535, type: 0
2026-07-28 19:26:13 [ERROR] [628394] [628469] [number_mapping.cpp:267] Unknown key: 65535, type: 0
2026-07-28 19:26:13 [ERROR] [628394] [628469] [number_mapping.cpp:267] Unknown key: 65535, type: 0
2026-07-28 19:26:13 [ERROR] [628394] [628469] [number_mapping.cpp:267] Unknown key: 65535, type: 0
2026-07-28 19:26:13 [ERROR] [628394] [628469] [number_mapping.cpp:267] Unknown key: 65535, type: 0
2026-07-28 19:26:13 [ERROR] [628394] [628469] [number_mapping.cpp:267] Unknown key: 65535, type: 0
2026-07-28 19:26:13 [ERROR] [628394] [628469] [number_mapping.cpp:267] Unknown key: 65535, type: 0
2026-07-28 19:26:13 [ERROR] [628394] [628469] [number_mapping.cpp:267] Unknown key: 65535, type: 0
2026-07-28 19:26:13 [ERROR] [628394] [628469] [number_mapping.cpp:267] Unknown key: 65535, type: 0
2026-07-28 19:26:13 [ERROR] [628394] [628469] [number_mapping.cpp:267] Unknown key: 65535, type: 0
2026-07-28 19:26:13 [ERROR] [628394] [628469] [number_mapping.cpp:267] Unknown key: 65535, type: 0
2026-07-28 19:26:13 [ERROR] [628394] [628469] [number_mapping.cpp:267] Unknown key: 65535, type: 0
2026-07-28 19:26:13 [ERROR] [628394] [628469] [number_mapping.cpp:267] Unknown key: 65535, type: 0
2026-07-28 19:26:13 [ERROR] [628394] [628469] [number_mapping.cpp:267] Unknown key: 65535, type: 0
2026-07-28 19:26:13 [ERROR] [628394] [628469] [number_mapping.cpp:267] Unknown key: 65535, type: 0
2026-07-28 19:26:13 [ERROR] [628394] [628469] [number_mapping.cpp:267] Unknown key: 65535, type: 0
2026-07-28 19:26:13 [ERROR] [628394] [628469] [number_mapping.cpp:267] Unknown key: 65535, type: 0
2026-07-28 19:26:13 [ERROR] [628394] [628469] [number_mapping.cpp:267] Unknown key: 65535, type: 0
2026-07-28 19:26:13 [ERROR] [628394] [628469] [number_mapping.cpp:267] Unknown key: 65535, type: 0
2026-07-28 19:26:13 [ERROR] [628394] [628469] [number_mapping.cpp:267] Unknown key: 65535, type: 0
2026-07-28 19:26:13 [ERROR] [628394] [628469] [number_mapping.cpp:267] Unknown key: 65535, type: 0
2026-07-28 19:26:13 [ERROR] [628394] [628469] [number_mapping.cpp:267] Unknown key: 65535, type: 0
2026-07-28 19:26:13 [ERROR] [628394] [628469] [number_mapping.cpp:267] Unknown key: 65535, type: 0
2026-07-28 19:26:13 [ERROR] [628394] [628469] [number_mapping.cpp:267] Unknown key: 65535, type: 0
2026-07-28 19:26:13 [ERROR] [628394] [628469] [number_mapping.cpp:267] Unknown key: 65535, type: 0
2026-07-28 19:26:13 [ERROR] [628394] [628469] [number_mapping.cpp:267] Unknown key: 65535, type: 0
2026-07-28 19:26:13 [ERROR] [628394] [628469] [number_mapping.cpp:267] Unknown key: 65535, type: 0
2026-07-28 19:26:13 [ERROR] [628394] [628469] [number_mapping.cpp:267] Unknown key: 65535, type: 0
2026-07-28 19:26:13 [ERROR] [628394] [628469] [number_mapping.cpp:267] Unknown key: 65535, type: 0
2026-07-28 19:26:13 [ERROR] [628394] [628469] [number_mapping.cpp:267] Unknown key: 65535, type: 0
2026-07-28 19:26:13 [ERROR] [628394] [628469] [number_mapping.cpp:267] Unknown key: 65535, type: 0
2026-07-28 19:26:13 [ERROR] [628394] [628469] [number_mapping.cpp:267] Unknown key: 65535, type: 0
2026-07-28 19:26:13 [ERROR] [628394] [628469] [number_mapping.cpp:267] Unknown key: 65535, type: 0
2026-07-28 19:26:13 [ERROR] [628394] [628469] [number_mapping.cpp:267] Unknown key: 65535, type: 0
2026-07-28 19:26:13 [ERROR] [628394] [628469] [number_mapping.cpp:267] Unknown key: 65535, type: 0
2026-07-28 19:26:13 [ERROR] [628394] [628469] [number_mapping.cpp:267] Unknown key: 65535, type: 0
2026-07-28 19:26:13 [ERROR] [628394] [628469] [number_mapping.cpp:267] Unknown key: 65535, type: 0
2026-07-28 19:26:13 [ERROR] [628394] [628469] [number_mapping.cpp:267] Unknown key: 65535, type: 0
2026-07-28 19:26:13 [ERROR] [628394] [628469] [number_mapping.cpp:267] Unknown key: 65535, type: 0
2026-07-28 19:26:13 [ERROR] [628394] [628469] [number_mapping.cpp:267] Unknown key: 65535, type: 0
2026-07-28 19:26:13 [ERROR] [628394] [628469] [number_mapping.cpp:267] Unknown key: 65535, type: 0
2026-07-28 19:26:13 [ERROR] [628394] [628469] [number_mapping.cpp:267] Unknown key: 65535, type: 0
2026-07-28 19:26:13 [ERROR] [628394] [628469] [number_mapping.cpp:267] Unknown key: 65535, type: 0
2026-07-28 19:26:13 [ERROR] [628394] [628469] [number_mapping.cpp:267] Unknown key: 65535, type: 0
2026-07-28 19:26:13 [ERROR] [628394] [628469] [number_mapping.cpp:267] Unknown key: 65535, type: 0
2026-07-28 19:26:13 [ERROR] [628394] [628469] [number_mapping.cpp:267] Unknown key: 65535, type: 0
2026-07-28 19:26:13 [ERROR] [628394] [628469] [number_mapping.cpp:267] Unknown key: 65535, type: 0
2026-07-28 19:26:13 [ERROR] [628394] [628469] [number_mapping.cpp:267] Unknown key: 65535, type: 0
2026-07-28 19:26:13 [ERROR] [628394] [628469] [number_mapping.cpp:267] Unknown key: 65535, type: 0
2026-07-28 19:26:13 [ERROR] [628394] [628469] [number_mapping.cpp:267] Unknown key: 65535, type: 0
2026-07-28 19:26:13 [ERROR] [628394] [628469] [number_mapping.cpp:267] Unknown key: 65535, type: 0
2026-07-28 19:26:13 [ERROR] [628394] [628469] [number_mapping.cpp:267] Unknown key: 65535, type: 0
2026-07-28 19:26:13 [ERROR] [628394] [628469] [number_mapping.cpp:267] Unknown key: 65535, type: 0
2026-07-28 19:26:13 [ERROR] [628394] [628469] [number_mapping.cpp:267] Unknown key: 65535, type: 0
2026-07-28 19:26:13 [ERROR] [628394] [628469] [number_mapping.cpp:267] Unknown key: 65535, type: 0
2026-07-28 19:26:13 [ERROR] [628394] [628469] [number_mapping.cpp:267] Unknown key: 65535, type: 0
2026-07-28 19:26:13 [ERROR] [628394] [628469] [number_mapping.cpp:267] Unknown key: 65535, type: 0
2026-07-28 19:26:13 [ERROR] [628394] [628469] [number_mapping.cpp:267] Unknown key: 65535, type: 0
2026-07-28 19:26:13 [ERROR] [628394] [628469] [number_mapping.cpp:267] Unknown key: 65535, type: 0
2026-07-28 19:26:13 [ERROR] [628394] [628469] [number_mapping.cpp:267] Unknown key: 65535, type: 0
2026-07-28 19:26:13 [ERROR] [628394] [628469] [number_mapping.cpp:267] Unknown key: 65535, type: 0
2026-07-28 19:26:13 [ERROR] [628394] [628469] [number_mapping.cpp:267] Unknown key: 65535, type: 0
2026-07-28 19:26:13 [ERROR] [628394] [628469] [number_mapping.cpp:267] Unknown key: 65535, type: 0
2026-07-28 19:26:13 [ERROR] [628394] [628469] [number_mapping.cpp:267] Unknown key: 65535, type: 0
2026-07-28 19:26:13 [ERROR] [628394] [628469] [number_mapping.cpp:267] Unknown key: 65535, type: 0
2026-07-28 19:26:13 [ERROR] [628394] [628469] [number_mapping.cpp:267] Unknown key: 65535, type: 0
2026-07-28 19:26:13 [ERROR] [628394] [628469] [number_mapping.cpp:267] Unknown key: 65535, type: 0
2026-07-28 19:26:13 [ERROR] [628394] [628469] [number_mapping.cpp:267] Unknown key: 65535, type: 0
2026-07-28 19:26:13 [ERROR] [628394] [628469] [number_mapping.cpp:267] Unknown key: 65535, type: 0
2026-07-28 19:26:13 [ERROR] [628394] [628469] [number_mapping.cpp:267] Unknown key: 65535, type: 0
2026-07-28 19:26:13 [ERROR] [628394] [628469] [number_mapping.cpp:267] Unknown key: 65535, type: 0
2026-07-28 19:26:13 [ERROR] [628394] [628469] [number_mapping.cpp:267] Unknown key: 65535, type: 0
2026-07-28 19:26:13 [ERROR] [628394] [628469] [number_mapping.cpp:267] Unknown key: 65535, type: 0
2026-07-28 19:26:13 [ERROR] [628394] [628469] [number_mapping.cpp:267] Unknown key: 65535, type: 0
2026-07-28 19:26:13 [ERROR] [628394] [628469] [number_mapping.cpp:267] Unknown key: 65535, type: 0
2026-07-28 19:26:13 [ERROR] [628394] [628469] [number_mapping.cpp:267] Unknown key: 65535, type: 0
2026-07-28 19:26:13 [ERROR] [628394] [628469] [number_mapping.cpp:267] Unknown key: 65535, type: 0
2026-07-28 19:26:13 [ERROR] [628394] [628469] [number_mapping.cpp:267] Unknown key: 65535, type: 0
2026-07-28 19:26:13 [ERROR] [628394] [628469] [number_mapping.cpp:267] Unknown key: 65535, type: 0
2026-07-28 19:26:13 [ERROR] [628394] [628469] [number_mapping.cpp:267] Unknown key: 65535, type: 0
2026-07-28 19:26:13 [ERROR] [628394] [628469] [number_mapping.cpp:267] Unknown key: 65535, type: 0
2026-07-28 19:26:13 [ERROR] [628394] [628469] [number_mapping.cpp:267] Unknown key: 65535, type: 0
2026-07-28 19:26:13 [ERROR] [628394] [628469] [number_mapping.cpp:267] Unknown key: 65535, type: 0
2026-07-28 19:26:13 [ERROR] [628394] [628469] [number_mapping.cpp:267] Unknown key: 65535, type: 0
2026-07-28 19:26:13 [ERROR] [628394] [628469] [number_mapping.cpp:267] Unknown key: 65535, type: 0
2026-07-28 19:26:13 [ERROR] [628394] [628469] [number_mapping.cpp:267] Unknown key: 65535, type: 0
2026-07-28 19:26:13 [ERROR] [628394] [628469] [number_mapping.cpp:267] Unknown key: 65535, type: 0
2026-07-28 19:26:13 [ERROR] [628394] [628469] [number_mapping.cpp:267] Unknown key: 65535, type: 0
2026-07-28 19:26:13 [ERROR] [628394] [628469] [number_mapping.cpp:267] Unknown key: 65535, type: 0
2026-07-28 19:26:13 [ERROR] [628394] [628469] [number_mapping.cpp:267] Unknown key: 65535, type: 0
2026-07-28 19:26:13 [ERROR] [628394] [628469] [number_mapping.cpp:267] Unknown key: 65535, type: 0
2026-07-28 19:26:13 [ERROR] [628394] [628469] [number_mapping.cpp:267] Unknown key: 65535, type: 0
2026-07-28 19:26:13 [ERROR] [628394] [628469] [number_mapping.cpp:267] Unknown key: 65535, type: 0
2026-07-28 19:26:13 [ERROR] [628394] [628469] [number_mapping.cpp:267] Unknown key: 65535, type: 0
2026-07-28 19:26:13 [ERROR] [628394] [628469] [number_mapping.cpp:267] Unknown key: 65535, type: 0
2026-07-28 19:26:13 [ERROR] [628394] [628469] [number_mapping.cpp:267] Unknown key: 65535, type: 0
2026-07-28 19:26:13 [ERROR] [628394] [628469] [number_mapping.cpp:267] Unknown key: 65535, type: 0
2026-07-28 19:26:13 [ERROR] [628394] [628469] [number_mapping.cpp:267] Unknown key: 65535, type: 0
2026-07-28 19:26:13 [ERROR] [628394] [628469] [number_mapping.cpp:267] Unknown key: 65535, type: 0
2026-07-28 19:26:13 [ERROR] [628394] [628469] [number_mapping.cpp:267] Unknown key: 65535, type: 0
2026-07-28 19:26:13 [ERROR] [628394] [628469] [number_mapping.cpp:267] Unknown key: 65535, type: 0
2026-07-28 19:26:13 [ERROR] [628394] [628469] [number_mapping.cpp:267] Unknown key: 65535, type: 0
2026-07-28 19:26:13 [ERROR] [628394] [628469] [number_mapping.cpp:267] Unknown key: 65535, type: 0
2026-07-28 19:26:13 [ERROR] [628394] [628469] [number_mapping.cpp:267] Unknown key: 65535, type: 0
2026-07-28 19:26:13 [ERROR] [628394] [628469] [number_mapping.cpp:267] Unknown key: 65535, type: 0
2026-07-28 19:26:13 [ERROR] [628394] [628469] [number_mapping.cpp:267] Unknown key: 65535, type: 0
2026-07-28 19:26:13 [ERROR] [628394] [628469] [number_mapping.cpp:267] Unknown key: 65535, type: 0
2026-07-28 19:26:13 [ERROR] [628394] [628469] [number_mapping.cpp:267] Unknown key: 65535, type: 0
2026-07-28 19:26:13 [ERROR] [628394] [628469] [number_mapping.cpp:267] Unknown key: 65535, type: 0
2026-07-28 19:26:13 [ERROR] [628394] [628469] [number_mapping.cpp:267] Unknown key: 65535, type: 0
2026-07-28 19:26:13 [ERROR] [628394] [628469] [number_mapping.cpp:267] Unknown key: 65535, type: 0
2026-07-28 19:26:13 [ERROR] [628394] [628469] [number_mapping.cpp:267] Unknown key: 65535, type: 0
2026-07-28 19:26:13 [ERROR] [628394] [628469] [number_mapping.cpp:267] Unknown key: 65535, type: 0
2026-07-28 19:26:13 [ERROR] [628394] [628469] [number_mapping.cpp:267] Unknown key: 65535, type: 0
2026-07-28 19:26:13 [ERROR] [628394] [628469] [number_mapping.cpp:267] Unknown key: 65535, type: 0
2026-07-28 19:26:13 [ERROR] [628394] [628469] [number_mapping.cpp:267] Unknown key: 65535, type: 0
2026-07-28 19:26:13 [ERROR] [628394] [628469] [number_mapping.cpp:267] Unknown key: 65535, type: 0
2026-07-28 19:26:13 [ERROR] [628394] [628469] [number_mapping.cpp:267] Unknown key: 65535, type: 0
2026-07-28 19:26:13 [ERROR] [628394] [628469] [number_mapping.cpp:267] Unknown key: 65535, type: 0
2026-07-28 19:26:13 [ERROR] [628394] [628469] [number_mapping.cpp:267] Unknown key: 65535, type: 0
2026-07-28 19:26:13 [ERROR] [628394] [628469] [number_mapping.cpp:267] Unknown key: 65535, type: 0
2026-07-28 19:26:13 [ERROR] [628394] [628469] [number_mapping.cpp:267] Unknown key: 65535, type: 0
2026-07-28 19:26:13 [ERROR] [628394] [628469] [number_mapping.cpp:267] Unknown key: 65535, type: 0
2026-07-28 19:26:13 [ERROR] [628394] [628469] [number_mapping.cpp:267] Unknown key: 65535, type: 0
2026-07-28 19:26:13 [ERROR] [628394] [628469] [number_mapping.cpp:267] Unknown key: 65535, type: 0
2026-07-28 19:26:13 [ERROR] [628394] [628469] [number_mapping.cpp:267] Unknown key: 65535, type: 0
2026-07-28 19:26:13 [ERROR] [628394] [628469] [number_mapping.cpp:267] Unknown key: 65535, type: 0
2026-07-28 19:26:13 [ERROR] [628394] [628469] [number_mapping.cpp:267] Unknown key: 65535, type: 0
2026-07-28 19:26:13 [ERROR] [628394] [628469] [number_mapping.cpp:267] Unknown key: 65535, type: 0
2026-07-28 19:26:13 [ERROR] [628394] [628469] [number_mapping.cpp:267] Unknown key: 65535, type: 0
2026-07-28 19:26:13 [ERROR] [628394] [628469] [number_mapping.cpp:267] Unknown key: 65535, type: 0
2026-07-28 19:26:13 [ERROR] [628394] [628469] [number_mapping.cpp:267] Unknown key: 65535, type: 0
2026-07-28 19:26:13 [ERROR] [628394] [628469] [number_mapping.cpp:267] Unknown key: 65535, type: 0
2026-07-28 19:26:13 [ERROR] [628394] [628469] [number_mapping.cpp:267] Unknown key: 65535, type: 0
2026-07-28 19:26:13 [ERROR] [628394] [628469] [number_mapping.cpp:267] Unknown key: 65535, type: 0
2026-07-28 19:26:13 [ERROR] [628394] [628469] [number_mapping.cpp:267] Unknown key: 65535, type: 0
2026-07-28 19:26:13 [ERROR] [628394] [628469] [number_mapping.cpp:267] Unknown key: 65535, type: 0
2026-07-28 19:26:13 [ERROR] [628394] [628469] [number_mapping.cpp:267] Unknown key: 65535, type: 0
2026-07-28 19:26:13 [ERROR] [628394] [628469] [number_mapping.cpp:267] Unknown key: 65535, type: 0
2026-07-28 19:26:13 [ERROR] [628394] [628469] [number_mapping.cpp:267] Unknown key: 65535, type: 0
2026-07-28 19:26:13 [ERROR] [628394] [628469] [number_mapping.cpp:267] Unknown key: 65535, type: 0
2026-07-28 19:26:13 [ERROR] [628394] [628469] [number_mapping.cpp:267] Unknown key: 65535, type: 0
2026-07-28 19:26:13 [ERROR] [628394] [628469] [number_mapping.cpp:267] Unknown key: 65535, type: 0
2026-07-28 19:26:13 [ERROR] [628394] [628469] [number_mapping.cpp:267] Unknown key: 65535, type: 0
2026-07-28 19:26:13 [ERROR] [628394] [628469] [number_mapping.cpp:267] Unknown key: 65535, type: 0
2026-07-28 19:26:13 [ERROR] [628394] [628469] [number_mapping.cpp:267] Unknown key: 65535, type: 0
2026-07-28 19:26:13 [ERROR] [628394] [628469] [number_mapping.cpp:267] Unknown key: 65535, type: 0
2026-07-28 19:26:13 [ERROR] [628394] [628469] [number_mapping.cpp:267] Unknown key: 65535, type: 0
2026-07-28 19:26:13 [ERROR] [628394] [628469] [number_mapping.cpp:267] Unknown key: 65535, type: 0
2026-07-28 19:26:13 [ERROR] [628394] [628469] [number_mapping.cpp:267] Unknown key: 65535, type: 0
2026-07-28 19:26:13 [ERROR] [628394] [628469] [number_mapping.cpp:267] Unknown key: 65535, type: 0
2026-07-28 19:26:13 [ERROR] [628394] [628469] [number_mapping.cpp:267] Unknown key: 65535, type: 0
2026-07-28 19:26:13 [ERROR] [628394] [628469] [number_mapping.cpp:267] Unknown key: 65535, type: 0
2026-07-28 19:26:13 [ERROR] [628394] [628469] [number_mapping.cpp:267] Unknown key: 65535, type: 0
2026-07-28 19:26:13 [ERROR] [628394] [628469] [number_mapping.cpp:267] Unknown key: 65535, type: 0
2026-07-28 19:26:13 [ERROR] [628394] [628469] [number_mapping.cpp:267] Unknown key: 65535, type: 0
2026-07-28 19:26:13 [ERROR] [628394] [628469] [number_mapping.cpp:267] Unknown key: 65535, type: 0
2026-07-28 19:26:13 [ERROR] [628394] [628469] [number_mapping.cpp:267] Unknown key: 65535, type: 0
2026-07-28 19:26:13 [ERROR] [628394] [628469] [number_mapping.cpp:267] Unknown key: 65535, type: 0
2026-07-28 19:26:13 [ERROR] [628394] [628469] [number_mapping.cpp:267] Unknown key: 65535, type: 0
2026-07-28 19:26:13 [ERROR] [628394] [628469] [number_mapping.cpp:267] Unknown key: 65535, type: 0
2026-07-28 19:26:13 [ERROR] [628394] [628469] [number_mapping.cpp:267] Unknown key: 65535, type: 0
2026-07-28 19:26:13 [ERROR] [628394] [628469] [number_mapping.cpp:267] Unknown key: 65535, type: 0
2026-07-28 19:26:13 [ERROR] [628394] [628469] [number_mapping.cpp:267] Unknown key: 65535, type: 0
2026-07-28 19:26:13 [ERROR] [628394] [628469] [number_mapping.cpp:267] Unknown key: 65535, type: 0
2026-07-28 19:26:13 [ERROR] [628394] [628469] [number_mapping.cpp:267] Unknown key: 65535, type: 0
2026-07-28 19:26:13 [ERROR] [628394] [628469] [number_mapping.cpp:267] Unknown key: 65535, type: 0
2026-07-28 19:26:13 [ERROR] [628394] [628469] [number_mapping.cpp:267] Unknown key: 65535, type: 0
2026-07-28 19:26:13 [ERROR] [628394] [628469] [number_mapping.cpp:267] Unknown key: 65535, type: 0
2026-07-28 19:26:13 [ERROR] [628394] [628469] [number_mapping.cpp:267] Unknown key: 65535, type: 0
2026-07-28 19:26:13 [ERROR] [628394] [628469] [number_mapping.cpp:267] Unknown key: 65535, type: 0
2026-07-28 19:26:13 [ERROR] [628394] [628469] [number_mapping.cpp:267] Unknown key: 65535, type: 0
2026-07-28 19:26:13 [ERROR] [628394] [628469] [number_mapping.cpp:267] Unknown key: 65535, type: 0
2026-07-28 19:26:13 [ERROR] [628394] [628469] [number_mapping.cpp:267] Unknown key: 65535, type: 0
2026-07-28 19:26:13 [ERROR] [628394] [628469] [number_mapping.cpp:267] Unknown key: 65535, type: 0
2026-07-28 19:26:13 [ERROR] [628394] [628469] [number_mapping.cpp:267] Unknown key: 65535, type: 0
2026-07-28 19:26:13 [ERROR] [628394] [628469] [number_mapping.cpp:267] Unknown key: 65535, type: 0
2026-07-28 19:26:13 [ERROR] [628394] [628469] [number_mapping.cpp:267] Unknown key: 65535, type: 0
2026-07-28 19:26:13 [ERROR] [628394] [628469] [number_mapping.cpp:267] Unknown key: 65535, type: 0
2026-07-28 19:26:13 [ERROR] [628394] [628469] [number_mapping.cpp:267] Unknown key: 65535, type: 0
2026-07-28 19:26:13 [ERROR] [628394] [628469] [number_mapping.cpp:267] Unknown key: 65535, type: 0
2026-07-28 19:26:13 [ERROR] [628394] [628469] [number_mapping.cpp:267] Unknown key: 65535, type: 0
2026-07-28 19:26:13 [ERROR] [628394] [628469] [number_mapping.cpp:267] Unknown key: 65535, type: 0
2026-07-28 19:26:13 [ERROR] [628394] [628469] [number_mapping.cpp:267] Unknown key: 65535, type: 0
2026-07-28 19:26:13 [ERROR] [628394] [628469] [number_mapping.cpp:267] Unknown key: 65535, type: 0
2026-07-28 19:26:13 [ERROR] [628394] [628469] [number_mapping.cpp:267] Unknown key: 65535, type: 0
2026-07-28 19:26:13 [ERROR] [628394] [628469] [number_mapping.cpp:267] Unknown key: 65535, type: 0
2026-07-28 19:26:13 [ERROR] [628394] [628469] [number_mapping.cpp:267] Unknown key: 65535, type: 0
2026-07-28 19:26:13 [ERROR] [628394] [628469] [number_mapping.cpp:267] Unknown key: 65535, type: 0
2026-07-28 19:26:13 [ERROR] [628394] [628469] [number_mapping.cpp:267] Unknown key: 65535, type: 0
2026-07-28 19:26:13 [ERROR] [628394] [628469] [number_mapping.cpp:267] Unknown key: 65535, type: 0
2026-07-28 19:26:13 [ERROR] [628394] [628469] [number_mapping.cpp:267] Unknown key: 65535, type: 0
2026-07-28 19:26:13 [ERROR] [628394] [628469] [number_mapping.cpp:267] Unknown key: 65535, type: 0
2026-07-28 19:26:13 [ERROR] [628394] [628469] [number_mapping.cpp:267] Unknown key: 65535, type: 0
2026-07-28 19:26:13 [ERROR] [628394] [628469] [number_mapping.cpp:267] Unknown key: 65535, type: 0
2026-07-28 19:26:13 [ERROR] [628394] [628469] [number_mapping.cpp:267] Unknown key: 65535, type: 0
2026-07-28 19:26:13 [ERROR] [628394] [628469] [number_mapping.cpp:267] Unknown key: 65535, type: 0
2026-07-28 19:26:13 [ERROR] [628394] [628469] [number_mapping.cpp:267] Unknown key: 65535, type: 0
2026-07-28 19:26:13 [ERROR] [628394] [628469] [number_mapping.cpp:267] Unknown key: 65535, type: 0
2026-07-28 19:26:13 [ERROR] [628394] [628469] [number_mapping.cpp:267] Unknown key: 65535, type: 0
2026-07-28 19:26:13 [ERROR] [628394] [628469] [number_mapping.cpp:267] Unknown key: 65535, type: 0
2026-07-28 19:26:13 [ERROR] [628394] [628469] [number_mapping.cpp:267] Unknown key: 65535, type: 0
2026-07-28 19:26:13 [ERROR] [628394] [628469] [number_mapping.cpp:267] Unknown key: 65535, type: 0
2026-07-28 19:26:13 [ERROR] [628394] [628469] [number_mapping.cpp:267] Unknown key: 65535, type: 0
2026-07-28 19:26:13 [ERROR] [628394] [628469] [number_mapping.cpp:267] Unknown key: 65535, type: 0
2026-07-28 19:26:13 [ERROR] [628394] [628469] [number_mapping.cpp:267] Unknown key: 65535, type: 0
2026-07-28 19:26:13 [ERROR] [628394] [628469] [number_mapping.cpp:267] Unknown key: 65535, type: 0
2026-07-28 19:26:13 [ERROR] [628394] [628469] [number_mapping.cpp:267] Unknown key: 65535, type: 0
2026-07-28 19:26:13 [ERROR] [628394] [628469] [number_mapping.cpp:267] Unknown key: 65535, type: 0
2026-07-28 19:26:13 [ERROR] [628394] [628469] [number_mapping.cpp:267] Unknown key: 65535, type: 0
2026-07-28 19:26:13 [ERROR] [628394] [628469] [number_mapping.cpp:267] Unknown key: 65535, type: 0
2026-07-28 19:26:13 [ERROR] [628394] [628469] [number_mapping.cpp:267] Unknown key: 65535, type: 0
2026-07-28 19:26:13 [ERROR] [628394] [628469] [number_mapping.cpp:267] Unknown key: 65535, type: 0
2026-07-28 19:26:13 [ERROR] [628394] [628469] [number_mapping.cpp:267] Unknown key: 65535, type: 0
2026-07-28 19:26:13 [ERROR] [628394] [628469] [number_mapping.cpp:267] Unknown key: 65535, type: 0
2026-07-28 19:26:13 [ERROR] [628394] [628469] [number_mapping.cpp:267] Unknown key: 65535, type: 0
2026-07-28 19:26:13 [ERROR] [628394] [628469] [number_mapping.cpp:267] Unknown key: 65535, type: 0
2026-07-28 19:26:13 [ERROR] [628394] [628469] [number_mapping.cpp:267] Unknown key: 65535, type: 0
2026-07-28 19:26:13 [ERROR] [628394] [628469] [number_mapping.cpp:267] Unknown key: 65535, type: 0
2026-07-28 19:26:13 [ERROR] [628394] [628469] [number_mapping.cpp:267] Unknown key: 65535, type: 0
2026-07-28 19:26:13 [ERROR] [628394] [628469] [number_mapping.cpp:267] Unknown key: 65535, type: 0
2026-07-28 19:26:13 [ERROR] [628394] [628469] [number_mapping.cpp:267] Unknown key: 65535, type: 0
2026-07-28 19:26:13 [ERROR] [628394] [628469] [number_mapping.cpp:267] Unknown key: 65535, type: 0
2026-07-28 19:26:13 [ERROR] [628394] [628469] [number_mapping.cpp:267] Unknown key: 65535, type: 0
2026-07-28 19:26:13 [ERROR] [628394] [628469] [number_mapping.cpp:267] Unknown key: 65535, type: 0
2026-07-28 19:26:13 [ERROR] [628394] [628469] [number_mapping.cpp:267] Unknown key: 65535, type: 0
2026-07-28 19:26:13 [ERROR] [628394] [628469] [number_mapping.cpp:267] Unknown key: 65535, type: 0
2026-07-28 19:26:13 [ERROR] [628394] [628469] [number_mapping.cpp:267] Unknown key: 65535, type: 0
2026-07-28 19:26:13 [ERROR] [628394] [628469] [number_mapping.cpp:267] Unknown key: 65535, type: 0
2026-07-28 19:26:13 [ERROR] [628394] [628469] [number_mapping.cpp:267] Unknown key: 65535, type: 0
2026-07-28 19:26:13 [ERROR] [628394] [628469] [number_mapping.cpp:267] Unknown key: 65535, type: 0
2026-07-28 19:26:13 [ERROR] [628394] [628469] [number_mapping.cpp:267] Unknown key: 65535, type: 0
2026-07-28 19:26:13 [ERROR] [628394] [628469] [number_mapping.cpp:267] Unknown key: 65535, type: 0
2026-07-28 19:26:13 [ERROR] [628394] [628469] [number_mapping.cpp:267] Unknown key: 65535, type: 0
2026-07-28 19:26:13 [ERROR] [628394] [628469] [number_mapping.cpp:267] Unknown key: 65535, type: 0
2026-07-28 19:26:13 [ERROR] [628394] [628469] [number_mapping.cpp:267] Unknown key: 65535, type: 0
2026-07-28 19:26:13 [ERROR] [628394] [628469] [number_mapping.cpp:267] Unknown key: 65535, type: 0
2026-07-28 19:26:13 [ERROR] [628394] [628469] [number_mapping.cpp:267] Unknown key: 65535, type: 0
2026-07-28 19:26:13 [ERROR] [628394] [628469] [number_mapping.cpp:267] Unknown key: 65535, type: 0
2026-07-28 19:26:13 [ERROR] [628394] [628469] [number_mapping.cpp:267] Unknown key: 65535, type: 0
2026-07-28 19:26:13 [ERROR] [628394] [628469] [number_mapping.cpp:267] Unknown key: 65535, type: 0
2026-07-28 19:26:13 [ERROR] [628394] [628469] [number_mapping.cpp:267] Unknown key: 65535, type: 0
2026-07-28 19:26:13 [ERROR] [628394] [628469] [number_mapping.cpp:267] Unknown key: 65535, type: 0
2026-07-28 19:26:13 [ERROR] [628394] [628469] [number_mapping.cpp:267] Unknown key: 65535, type: 0
2026-07-28 19:26:13 [ERROR] [628394] [628469] [number_mapping.cpp:267] Unknown key: 65535, type: 0
2026-07-28 19:26:13 [ERROR] [628394] [628469] [number_mapping.cpp:267] Unknown key: 65535, type: 0
2026-07-28 19:26:13 [ERROR] [628394] [628469] [number_mapping.cpp:267] Unknown key: 65535, type: 0
2026-07-28 19:26:13 [ERROR] [628394] [628469] [number_mapping.cpp:267] Unknown key: 65535, type: 0
2026-07-28 19:26:13 [ERROR] [628394] [628469] [number_mapping.cpp:267] Unknown key: 65535, type: 0
2026-07-28 19:26:13 [ERROR] [628394] [628469] [number_mapping.cpp:267] Unknown key: 65535, type: 0
2026-07-28 19:26:13 [ERROR] [628394] [628469] [number_mapping.cpp:267] Unknown key: 65535, type: 0
2026-07-28 19:26:13 [ERROR] [628394] [628469] [number_mapping.cpp:267] Unknown key: 65535, type: 0
2026-07-28 19:26:13 [ERROR] [628394] [628469] [number_mapping.cpp:267] Unknown key: 65535, type: 0
2026-07-28 19:26:13 [ERROR] [628394] [628469] [number_mapping.cpp:267] Unknown key: 65535, type: 0
2026-07-28 19:26:13 [ERROR] [628394] [628469] [number_mapping.cpp:267] Unknown key: 65535, type: 0
2026-07-28 19:26:13 [ERROR] [628394] [628469] [number_mapping.cpp:267] Unknown key: 65535, type: 0
2026-07-28 19:26:13 [ERROR] [628394] [628469] [number_mapping.cpp:267] Unknown key: 65535, type: 0
2026-07-28 19:26:13 [ERROR] [628394] [628469] [number_mapping.cpp:267] Unknown key: 65535, type: 0
2026-07-28 19:26:13 [ERROR] [628394] [628469] [number_mapping.cpp:267] Unknown key: 65535, type: 0
2026-07-28 19:26:13 [ERROR] [628394] [628469] [number_mapping.cpp:267] Unknown key: 65535, type: 0
2026-07-28 19:26:13 [ERROR] [628394] [628469] [number_mapping.cpp:267] Unknown key: 65535, type: 0
2026-07-28 19:26:13 [ERROR] [628394] [628469] [number_mapping.cpp:267] Unknown key: 65535, type: 0
2026-07-28 19:26:13 [ERROR] [628394] [628469] [number_mapping.cpp:267] Unknown key: 65535, type: 0
2026-07-28 19:26:13 [ERROR] [628394] [628469] [number_mapping.cpp:267] Unknown key: 65535, type: 0
2026-07-28 19:26:13 [ERROR] [628394] [628469] [number_mapping.cpp:267] Unknown key: 65535, type: 0
2026-07-28 19:26:13 [ERROR] [628394] [628469] [number_mapping.cpp:267] Unknown key: 65535, type: 0
2026-07-28 19:26:13 [ERROR] [628394] [628469] [number_mapping.cpp:267] Unknown key: 65535, type: 0
2026-07-28 19:26:13 [ERROR] [628394] [628469] [number_mapping.cpp:267] Unknown key: 65535, type: 0
2026-07-28 19:26:13 [ERROR] [628394] [628469] [number_mapping.cpp:267] Unknown key: 65535, type: 0
2026-07-28 19:26:13 [ERROR] [628394] [628469] [number_mapping.cpp:267] Unknown key: 65535, type: 0
2026-07-28 19:26:13 [ERROR] [628394] [628469] [number_mapping.cpp:267] Unknown key: 65535, type: 0
2026-07-28 19:26:13 [ERROR] [628394] [628469] [number_mapping.cpp:267] Unknown key: 65535, type: 0
2026-07-28 19:26:13 [ERROR] [628394] [628469] [number_mapping.cpp:267] Unknown key: 65535, type: 0
2026-07-28 19:26:13 [ERROR] [628394] [628469] [number_mapping.cpp:267] Unknown key: 65535, type: 0
2026-07-28 19:26:13 [ERROR] [628394] [628469] [number_mapping.cpp:267] Unknown key: 65535, type: 0
2026-07-28 19:26:13 [ERROR] [628394] [628469] [number_mapping.cpp:267] Unknown key: 65535, type: 0
2026-07-28 19:26:13 [ERROR] [628394] [628469] [number_mapping.cpp:267] Unknown key: 65535, type: 0
2026-07-28 19:26:13 [ERROR] [628394] [628469] [number_mapping.cpp:267] Unknown key: 65535, type: 0
2026-07-28 19:26:13 [ERROR] [628394] [628469] [number_mapping.cpp:267] Unknown key: 65535, type: 0
2026-07-28 19:26:13 [ERROR] [628394] [628469] [number_mapping.cpp:267] Unknown key: 65535, type: 0
2026-07-28 19:26:13 [ERROR] [628394] [628469] [number_mapping.cpp:267] Unknown key: 65535, type: 0
2026-07-28 19:26:13 [ERROR] [628394] [628469] [number_mapping.cpp:267] Unknown key: 65535, type: 0
2026-07-28 19:26:13 [ERROR] [628394] [628469] [number_mapping.cpp:267] Unknown key: 65535, type: 0
2026-07-28 19:26:13 [ERROR] [628394] [628469] [number_mapping.cpp:267] Unknown key: 65535, type: 0
2026-07-28 19:26:13 [ERROR] [628394] [628469] [number_mapping.cpp:267] Unknown key: 65535, type: 0
2026-07-28 19:26:13 [ERROR] [628394] [628469] [number_mapping.cpp:267] Unknown key: 65535, type: 0
2026-07-28 19:26:13 [ERROR] [628394] [628469] [number_mapping.cpp:267] Unknown key: 65535, type: 0
2026-07-28 19:26:13 [ERROR] [628394] [628469] [number_mapping.cpp:267] Unknown key: 65535, type: 0
2026-07-28 19:26:13 [ERROR] [628394] [628469] [number_mapping.cpp:267] Unknown key: 65535, type: 0
2026-07-28 19:26:13 [ERROR] [628394] [628469] [number_mapping.cpp:267] Unknown key: 65535, type: 0
2026-07-28 19:26:13 [ERROR] [628394] [628469] [number_mapping.cpp:267] Unknown key: 65535, type: 0
2026-07-28 19:26:13 [ERROR] [628394] [628469] [number_mapping.cpp:267] Unknown key: 65535, type: 0
2026-07-28 19:26:13 [ERROR] [628394] [628469] [number_mapping.cpp:267] Unknown key: 65535, type: 0
2026-07-28 19:26:13 [ERROR] [628394] [628469] [number_mapping.cpp:267] Unknown key: 65535, type: 0
2026-07-28 19:26:13 [ERROR] [628394] [628469] [number_mapping.cpp:267] Unknown key: 65535, type: 0
2026-07-28 19:26:13 [ERROR] [628394] [628469] [number_mapping.cpp:267] Unknown key: 65535, type: 0
2026-07-28 19:26:13 [ERROR] [628394] [628469] [number_mapping.cpp:267] Unknown key: 65535, type: 0
2026-07-28 19:26:13 [ERROR] [628394] [628469] [number_mapping.cpp:267] Unknown key: 65535, type: 0
2026-07-28 19:26:13 [ERROR] [628394] [628469] [number_mapping.cpp:267] Unknown key: 65535, type: 0
2026-07-28 19:26:13 [ERROR] [628394] [628469] [number_mapping.cpp:267] Unknown key: 65535, type: 0
2026-07-28 19:26:13 [ERROR] [628394] [628469] [number_mapping.cpp:267] Unknown key: 65535, type: 0
2026-07-28 19:26:13 [ERROR] [628394] [628469] [number_mapping.cpp:267] Unknown key: 65535, type: 0
2026-07-28 19:26:13 [ERROR] [628394] [628469] [number_mapping.cpp:267] Unknown key: 65535, type: 0
2026-07-28 19:26:13 [ERROR] [628394] [628469] [number_mapping.cpp:267] Unknown key: 65535, type: 0
2026-07-28 19:26:13 [ERROR] [628394] [628469] [number_mapping.cpp:267] Unknown key: 65535, type: 0
2026-07-28 19:26:13 [ERROR] [628394] [628469] [number_mapping.cpp:267] Unknown key: 65535, type: 0
2026-07-28 19:26:13 [ERROR] [628394] [628469] [number_mapping.cpp:267] Unknown key: 65535, type: 0
2026-07-28 19:26:13 [ERROR] [628394] [628469] [number_mapping.cpp:267] Unknown key: 65535, type: 0
2026-07-28 19:26:13 [ERROR] [628394] [628469] [number_mapping.cpp:267] Unknown key: 65535, type: 0
2026-07-28 19:26:13 [ERROR] [628394] [628469] [number_mapping.cpp:267] Unknown key: 65535, type: 0
2026-07-28 19:26:13 [ERROR] [628394] [628469] [number_mapping.cpp:267] Unknown key: 65535, type: 0
2026-07-28 19:26:13 [ERROR] [628394] [628469] [number_mapping.cpp:267] Unknown key: 65535, type: 0
2026-07-28 19:26:13 [ERROR] [628394] [628469] [number_mapping.cpp:267] Unknown key: 65535, type: 0
2026-07-28 19:26:13 [ERROR] [628394] [628469] [number_mapping.cpp:267] Unknown key: 65535, type: 0
2026-07-28 19:26:13 [ERROR] [628394] [628469] [number_mapping.cpp:267] Unknown key: 65535, type: 0
2026-07-28 19:26:13 [ERROR] [628394] [628469] [number_mapping.cpp:267] Unknown key: 65535, type: 0
2026-07-28 19:26:13 [ERROR] [628394] [628469] [number_mapping.cpp:267] Unknown key: 65535, type: 0
2026-07-28 19:26:13 [ERROR] [628394] [628469] [number_mapping.cpp:267] Unknown key: 65535, type: 0
2026-07-28 19:26:13 [ERROR] [628394] [628469] [number_mapping.cpp:267] Unknown key: 65535, type: 0
2026-07-28 19:26:13 [ERROR] [628394] [628469] [number_mapping.cpp:267] Unknown key: 65535, type: 0
2026-07-28 19:26:13 [ERROR] [628394] [628469] [number_mapping.cpp:267] Unknown key: 65535, type: 0
2026-07-28 19:26:13 [ERROR] [628394] [628469] [number_mapping.cpp:267] Unknown key: 65535, type: 0
2026-07-28 19:26:13 [ERROR] [628394] [628469] [number_mapping.cpp:267] Unknown key: 65535, type: 0
2026-07-28 19:26:13 [ERROR] [628394] [628469] [number_mapping.cpp:267] Unknown key: 65535, type: 0
2026-07-28 19:26:13 [ERROR] [628394] [628469] [number_mapping.cpp:267] Unknown key: 65535, type: 0
2026-07-28 19:26:13 [ERROR] [628394] [628469] [number_mapping.cpp:267] Unknown key: 65535, type: 0
2026-07-28 19:26:13 [ERROR] [628394] [628469] [number_mapping.cpp:267] Unknown key: 65535, type: 0
2026-07-28 19:26:13 [ERROR] [628394] [628469] [number_mapping.cpp:267] Unknown key: 65535, type: 0
2026-07-28 19:26:13 [ERROR] [628394] [628469] [number_mapping.cpp:267] Unknown key: 65535, type: 0
2026-07-28 19:26:13 [ERROR] [628394] [628469] [number_mapping.cpp:267] Unknown key: 65535, type: 0
2026-07-28 19:26:13 [ERROR] [628394] [628469] [number_mapping.cpp:267] Unknown key: 65535, type: 0
2026-07-28 19:26:13 [ERROR] [628394] [628469] [number_mapping.cpp:267] Unknown key: 65535, type: 0
2026-07-28 19:26:13 [ERROR] [628394] [628469] [number_mapping.cpp:267] Unknown key: 65535, type: 0
2026-07-28 19:26:13 [ERROR] [628394] [628469] [number_mapping.cpp:267] Unknown key: 65535, type: 0
2026-07-28 19:26:13 [ERROR] [628394] [628469] [number_mapping.cpp:267] Unknown key: 65535, type: 0
2026-07-28 19:26:13 [ERROR] [628394] [628469] [number_mapping.cpp:267] Unknown key: 65535, type: 0
2026-07-28 19:26:13 [ERROR] [628394] [628469] [number_mapping.cpp:267] Unknown key: 65535, type: 0
2026-07-28 19:26:13 [ERROR] [628394] [628469] [number_mapping.cpp:267] Unknown key: 65535, type: 0
2026-07-28 19:26:13 [ERROR] [628394] [628469] [number_mapping.cpp:267] Unknown key: 65535, type: 0
2026-07-28 19:26:13 [ERROR] [628394] [628469] [number_mapping.cpp:267] Unknown key: 65535, type: 0
2026-07-28 19:26:13 [ERROR] [628394] [628469] [number_mapping.cpp:267] Unknown key: 65535, type: 0
2026-07-28 19:26:13 [ERROR] [628394] [628469] [number_mapping.cpp:267] Unknown key: 65535, type: 0
2026-07-28 19:26:13 [ERROR] [628394] [628469] [number_mapping.cpp:267] Unknown key: 65535, type: 0
2026-07-28 19:26:13 [ERROR] [628394] [628469] [number_mapping.cpp:267] Unknown key: 65535, type: 0
2026-07-28 19:26:13 [ERROR] [628394] [628469] [number_mapping.cpp:267] Unknown key: 65535, type: 0
2026-07-28 19:26:13 [ERROR] [628394] [628469] [number_mapping.cpp:267] Unknown key: 65535, type: 0
2026-07-28 19:26:13 [ERROR] [628394] [628469] [number_mapping.cpp:267] Unknown key: 65535, type: 0
2026-07-28 19:26:13 [ERROR] [628394] [628469] [number_mapping.cpp:267] Unknown key: 65535, type: 0
2026-07-28 19:26:13 [ERROR] [628394] [628469] [number_mapping.cpp:267] Unknown key: 65535, type: 0
2026-07-28 19:26:13 [ERROR] [628394] [628469] [number_mapping.cpp:267] Unknown key: 65535, type: 0
2026-07-28 19:26:13 [ERROR] [628394] [628469] [number_mapping.cpp:267] Unknown key: 65535, type: 0
2026-07-28 19:26:13 [ERROR] [628394] [628469] [number_mapping.cpp:267] Unknown key: 65535, type: 0
2026-07-28 19:26:13 [ERROR] [628394] [628469] [number_mapping.cpp:267] Unknown key: 65535, type: 0
2026-07-28 19:26:13 [ERROR] [628394] [628469] [number_mapping.cpp:267] Unknown key: 65535, type: 0
2026-07-28 19:26:13 [ERROR] [628394] [628469] [number_mapping.cpp:267] Unknown key: 65535, type: 0
2026-07-28 19:26:13 [ERROR] [628394] [628469] [number_mapping.cpp:267] Unknown key: 65535, type: 0
2026-07-28 19:26:13 [ERROR] [628394] [628469] [number_mapping.cpp:267] Unknown key: 65535, type: 0
2026-07-28 19:26:13 [ERROR] [628394] [628469] [number_mapping.cpp:267] Unknown key: 65535, type: 0
2026-07-28 19:26:13 [ERROR] [628394] [628469] [number_mapping.cpp:267] Unknown key: 65535, type: 0
2026-07-28 19:26:13 [ERROR] [628394] [628469] [number_mapping.cpp:267] Unknown key: 65535, type: 0
2026-07-28 19:26:13 [ERROR] [628394] [628469] [number_mapping.cpp:267] Unknown key: 65535, type: 0
2026-07-28 19:26:13 [ERROR] [628394] [628469] [number_mapping.cpp:267] Unknown key: 65535, type: 0
2026-07-28 19:26:13 [ERROR] [628394] [628469] [number_mapping.cpp:267] Unknown key: 65535, type: 0
2026-07-28 19:26:13 [ERROR] [628394] [628469] [number_mapping.cpp:267] Unknown key: 65535, type: 0
2026-07-28 19:26:13 [ERROR] [628394] [628469] [number_mapping.cpp:267] Unknown key: 65535, type: 0
2026-07-28 19:26:13 [ERROR] [628394] [628469] [number_mapping.cpp:267] Unknown key: 65535, type: 0
2026-07-28 19:26:13 [ERROR] [628394] [628469] [number_mapping.cpp:267] Unknown key: 65535, type: 0
2026-07-28 19:26:13 [ERROR] [628394] [628469] [number_mapping.cpp:267] Unknown key: 65535, type: 0
2026-07-28 19:26:13 [ERROR] [628394] [628469] [number_mapping.cpp:267] Unknown key: 65535, type: 0
2026-07-28 19:26:13 [ERROR] [628394] [628469] [number_mapping.cpp:267] Unknown key: 65535, type: 0
2026-07-28 19:26:13 [ERROR] [628394] [628469] [number_mapping.cpp:267] Unknown key: 65535, type: 0
2026-07-28 19:26:13 [ERROR] [628394] [628469] [number_mapping.cpp:267] Unknown key: 65535, type: 0
2026-07-28 19:26:13 [ERROR] [628394] [628469] [number_mapping.cpp:267] Unknown key: 65535, type: 0
2026-07-28 19:26:13 [ERROR] [628394] [628469] [number_mapping.cpp:267] Unknown key: 65535, type: 0
2026-07-28 19:26:13 [ERROR] [628394] [628469] [number_mapping.cpp:267] Unknown key: 65535, type: 0
2026-07-28 19:26:13 [ERROR] [628394] [628469] [number_mapping.cpp:267] Unknown key: 65535, type: 0
2026-07-28 19:26:13 [ERROR] [628394] [628469] [number_mapping.cpp:267] Unknown key: 65535, type: 0
2026-07-28 19:26:13 [ERROR] [628394] [628469] [number_mapping.cpp:267] Unknown key: 65535, type: 0
2026-07-28 19:26:13 [ERROR] [628394] [628469] [number_mapping.cpp:267] Unknown key: 65535, type: 0
2026-07-28 19:26:13 [ERROR] [628394] [628469] [number_mapping.cpp:267] Unknown key: 65535, type: 0
2026-07-28 19:26:13 [ERROR] [628394] [628469] [number_mapping.cpp:267] Unknown key: 65535, type: 0
2026-07-28 19:26:13 [ERROR] [628394] [628469] [number_mapping.cpp:267] Unknown key: 65535, type: 0
2026-07-28 19:26:13 [ERROR] [628394] [628469] [number_mapping.cpp:267] Unknown key: 65535, type: 0
2026-07-28 19:26:13 [ERROR] [628394] [628469] [number_mapping.cpp:267] Unknown key: 65535, type: 0
2026-07-28 19:26:13 [ERROR] [628394] [628469] [number_mapping.cpp:267] Unknown key: 65535, type: 0
2026-07-28 19:26:13 [ERROR] [628394] [628469] [number_mapping.cpp:267] Unknown key: 65535, type: 0
2026-07-28 19:26:13 [ERROR] [628394] [628469] [number_mapping.cpp:267] Unknown key: 65535, type: 0
2026-07-28 19:26:13 [ERROR] [628394] [628469] [number_mapping.cpp:267] Unknown key: 65535, type: 0
2026-07-28 19:26:13 [ERROR] [628394] [628469] [number_mapping.cpp:267] Unknown key: 65535, type: 0
2026-07-28 19:26:13 [ERROR] [628394] [628469] [number_mapping.cpp:267] Unknown key: 65535, type: 0
2026-07-28 19:26:13 [ERROR] [628394] [628469] [number_mapping.cpp:267] Unknown key: 65535, type: 0
2026-07-28 19:26:13 [ERROR] [628394] [628469] [number_mapping.cpp:267] Unknown key: 65535, type: 0
2026-07-28 19:26:13 [ERROR] [628394] [628469] [number_mapping.cpp:267] Unknown key: 65535, type: 0
2026-07-28 19:26:13 [ERROR] [628394] [628469] [number_mapping.cpp:267] Unknown key: 65535, type: 0
2026-07-28 19:26:13 [ERROR] [628394] [628469] [number_mapping.cpp:267] Unknown key: 65535, type: 0
2026-07-28 19:26:13 [ERROR] [628394] [628469] [number_mapping.cpp:267] Unknown key: 65535, type: 0
2026-07-28 19:26:13 [ERROR] [628394] [628469] [number_mapping.cpp:267] Unknown key: 65535, type: 0
2026-07-28 19:26:13 [ERROR] [628394] [628469] [number_mapping.cpp:267] Unknown key: 65535, type: 0
2026-07-28 19:26:13 [ERROR] [628394] [628469] [number_mapping.cpp:267] Unknown key: 65535, type: 0
2026-07-28 19:26:13 [ERROR] [628394] [628469] [number_mapping.cpp:267] Unknown key: 65535, type: 0
2026-07-28 19:26:13 [ERROR] [628394] [628469] [number_mapping.cpp:267] Unknown key: 65535, type: 0
2026-07-28 19:26:13 [ERROR] [628394] [628469] [number_mapping.cpp:267] Unknown key: 65535, type: 0
2026-07-28 19:26:13 [ERROR] [628394] [628469] [number_mapping.cpp:267] Unknown key: 65535, type: 0
2026-07-28 19:26:13 [ERROR] [628394] [628469] [number_mapping.cpp:267] Unknown key: 65535, type: 0
2026-07-28 19:26:13 [ERROR] [628394] [628469] [number_mapping.cpp:267] Unknown key: 65535, type: 0
2026-07-28 19:26:13 [ERROR] [628394] [628469] [number_mapping.cpp:267] Unknown key: 65535, type: 0
2026-07-28 19:26:13 [ERROR] [628394] [628469] [number_mapping.cpp:267] Unknown key: 65535, type: 0
2026-07-28 19:26:13 [ERROR] [628394] [628469] [number_mapping.cpp:267] Unknown key: 65535, type: 0
2026-07-28 19:26:13 [ERROR] [628394] [628469] [number_mapping.cpp:267] Unknown key: 65535, type: 0
2026-07-28 19:26:13 [ERROR] [628394] [628469] [number_mapping.cpp:267] Unknown key: 65535, type: 0
2026-07-28 19:26:13 [ERROR] [628394] [628469] [number_mapping.cpp:267] Unknown key: 65535, type: 0
2026-07-28 19:26:13 [ERROR] [628394] [628469] [number_mapping.cpp:267] Unknown key: 65535, type: 0
2026-07-28 19:26:13 [ERROR] [628394] [628469] [number_mapping.cpp:267] Unknown key: 65535, type: 0
2026-07-28 19:26:13 [ERROR] [628394] [628469] [number_mapping.cpp:267] Unknown key: 65535, type: 0
2026-07-28 19:26:13 [ERROR] [628394] [628469] [number_mapping.cpp:267] Unknown key: 65535, type: 0
2026-07-28 19:26:13 [ERROR] [628394] [628469] [number_mapping.cpp:267] Unknown key: 65535, type: 0
2026-07-28 19:26:13 [ERROR] [628394] [628469] [number_mapping.cpp:267] Unknown key: 65535, type: 0
2026-07-28 19:26:13 [ERROR] [628394] [628469] [number_mapping.cpp:267] Unknown key: 65535, type: 0
2026-07-28 19:26:13 [ERROR] [628394] [628469] [number_mapping.cpp:267] Unknown key: 65535, type: 0
2026-07-28 19:26:13 [ERROR] [628394] [628469] [number_mapping.cpp:267] Unknown key: 65535, type: 0
2026-07-28 19:26:13 [ERROR] [628394] [628469] [number_mapping.cpp:267] Unknown key: 65535, type: 0
2026-07-28 19:26:13 [ERROR] [628394] [628469] [number_mapping.cpp:267] Unknown key: 65535, type: 0
2026-07-28 19:26:13 [ERROR] [628394] [628469] [number_mapping.cpp:267] Unknown key: 65535, type: 0
2026-07-28 19:26:13 [ERROR] [628394] [628469] [number_mapping.cpp:267] Unknown key: 65535, type: 0
2026-07-28 19:26:13 [ERROR] [628394] [628469] [number_mapping.cpp:267] Unknown key: 65535, type: 0
2026-07-28 19:26:13 [ERROR] [628394] [628469] [number_mapping.cpp:267] Unknown key: 65535, type: 0
2026-07-28 19:26:13 [ERROR] [628394] [628469] [number_mapping.cpp:267] Unknown key: 65535, type: 0
2026-07-28 19:26:13 [ERROR] [628394] [628469] [number_mapping.cpp:267] Unknown key: 65535, type: 0
2026-07-28 19:26:13 [ERROR] [628394] [628469] [number_mapping.cpp:267] Unknown key: 65535, type: 0
2026-07-28 19:26:13 [ERROR] [628394] [628469] [number_mapping.cpp:267] Unknown key: 65535, type: 0
2026-07-28 19:26:13 [ERROR] [628394] [628469] [number_mapping.cpp:267] Unknown key: 65535, type: 0
2026-07-28 19:26:13 [ERROR] [628394] [628469] [number_mapping.cpp:267] Unknown key: 65535, type: 0
2026-07-28 19:26:13 [ERROR] [628394] [628469] [number_mapping.cpp:267] Unknown key: 65535, type: 0
2026-07-28 19:26:13 [ERROR] [628394] [628469] [number_mapping.cpp:267] Unknown key: 65535, type: 0
2026-07-28 19:26:13 [ERROR] [628394] [628469] [number_mapping.cpp:267] Unknown key: 65535, type: 0
2026-07-28 19:26:13 [ERROR] [628394] [628469] [number_mapping.cpp:267] Unknown key: 65535, type: 0
2026-07-28 19:26:13 [ERROR] [628394] [628469] [number_mapping.cpp:267] Unknown key: 65535, type: 0
2026-07-28 19:26:13 [ERROR] [628394] [628469] [number_mapping.cpp:267] Unknown key: 65535, type: 0
2026-07-28 19:26:13 [ERROR] [628394] [628469] [number_mapping.cpp:267] Unknown key: 65535, type: 0
2026-07-28 19:26:13 [ERROR] [628394] [628469] [number_mapping.cpp:267] Unknown key: 65535, type: 0
2026-07-28 19:26:13 [ERROR] [628394] [628469] [number_mapping.cpp:267] Unknown key: 65535, type: 0
2026-07-28 19:26:13 [ERROR] [628394] [628469] [number_mapping.cpp:267] Unknown key: 65535, type: 0
2026-07-28 19:26:13 [ERROR] [628394] [628469] [number_mapping.cpp:267] Unknown key: 65535, type: 0
2026-07-28 19:26:13 [ERROR] [628394] [628469] [number_mapping.cpp:267] Unknown key: 65535, type: 0
2026-07-28 19:26:13 [ERROR] [628394] [628469] [number_mapping.cpp:267] Unknown key: 65535, type: 0
2026-07-28 19:26:13 [ERROR] [628394] [628469] [number_mapping.cpp:267] Unknown key: 65535, type: 0
2026-07-28 19:26:13 [ERROR] [628394] [628469] [number_mapping.cpp:267] Unknown key: 65535, type: 0
2026-07-28 19:26:13 [ERROR] [628394] [628469] [number_mapping.cpp:267] Unknown key: 65535, type: 0
2026-07-28 19:26:13 [ERROR] [628394] [628469] [number_mapping.cpp:267] Unknown key: 65535, type: 0
2026-07-28 19:26:13 [ERROR] [628394] [628469] [number_mapping.cpp:267] Unknown key: 65535, type: 0
2026-07-28 19:26:13 [ERROR] [628394] [628469] [number_mapping.cpp:267] Unknown key: 65535, type: 0
2026-07-28 19:26:13 [ERROR] [628394] [628469] [number_mapping.cpp:267] Unknown key: 65535, type: 0
2026-07-28 19:26:13 [ERROR] [628394] [628469] [number_mapping.cpp:267] Unknown key: 65535, type: 0
2026-07-28 19:26:13 [ERROR] [628394] [628469] [number_mapping.cpp:267] Unknown key: 65535, type: 0
2026-07-28 19:26:13 [ERROR] [628394] [628469] [number_mapping.cpp:267] Unknown key: 65535, type: 0
2026-07-28 19:26:13 [ERROR] [628394] [628469] [number_mapping.cpp:267] Unknown key: 65535, type: 0
2026-07-28 19:26:13 [ERROR] [628394] [628469] [number_mapping.cpp:267] Unknown key: 65535, type: 0
2026-07-28 19:26:13 [ERROR] [628394] [628469] [number_mapping.cpp:267] Unknown key: 65535, type: 0
2026-07-28 19:26:13 [ERROR] [628394] [628469] [number_mapping.cpp:267] Unknown key: 65535, type: 0
2026-07-28 19:26:13 [ERROR] [628394] [628469] [number_mapping.cpp:267] Unknown key: 65535, type: 0
2026-07-28 19:26:13 [ERROR] [628394] [628469] [number_mapping.cpp:267] Unknown key: 65535, type: 0
2026-07-28 19:26:13 [ERROR] [628394] [628469] [number_mapping.cpp:267] Unknown key: 65535, type: 0
2026-07-28 19:26:13 [ERROR] [628394] [628469] [number_mapping.cpp:267] Unknown key: 65535, type: 0
2026-07-28 19:26:13 [ERROR] [628394] [628469] [number_mapping.cpp:267] Unknown key: 65535, type: 0
2026-07-28 19:26:13 [ERROR] [628394] [628469] [number_mapping.cpp:267] Unknown key: 65535, type: 0
2026-07-28 19:26:13 [ERROR] [628394] [628469] [number_mapping.cpp:267] Unknown key: 65535, type: 0
2026-07-28 19:26:13 [ERROR] [628394] [628469] [number_mapping.cpp:267] Unknown key: 65535, type: 0
2026-07-28 19:26:13 [ERROR] [628394] [628469] [number_mapping.cpp:267] Unknown key: 65535, type: 0
2026-07-28 19:26:13 [ERROR] [628394] [628469] [number_mapping.cpp:267] Unknown key: 65535, type: 0
2026-07-28 19:26:13 [ERROR] [628394] [628469] [number_mapping.cpp:267] Unknown key: 65535, type: 0
2026-07-28 19:26:13 [ERROR] [628394] [628469] [number_mapping.cpp:267] Unknown key: 65535, type: 0
2026-07-28 19:26:13 [ERROR] [628394] [628469] [number_mapping.cpp:267] Unknown key: 65535, type: 0
2026-07-28 19:26:13 [ERROR] [628394] [628469] [number_mapping.cpp:267] Unknown key: 65535, type: 0
2026-07-28 19:26:13 [ERROR] [628394] [628469] [number_mapping.cpp:267] Unknown key: 65535, type: 0
2026-07-28 19:26:13 [ERROR] [628394] [628469] [number_mapping.cpp:267] Unknown key: 65535, type: 0
2026-07-28 19:26:13 [ERROR] [628394] [628469] [number_mapping.cpp:267] Unknown key: 65535, type: 0
2026-07-28 19:26:13 [ERROR] [628394] [628469] [number_mapping.cpp:267] Unknown key: 65535, type: 0
2026-07-28 19:26:13 [ERROR] [628394] [628469] [number_mapping.cpp:267] Unknown key: 65535, type: 0
2026-07-28 19:26:13 [ERROR] [628394] [628469] [number_mapping.cpp:267] Unknown key: 65535, type: 0
2026-07-28 19:26:13 [ERROR] [628394] [628469] [number_mapping.cpp:267] Unknown key: 65535, type: 0
2026-07-28 19:26:13 [ERROR] [628394] [628469] [number_mapping.cpp:267] Unknown key: 65535, type: 0
2026-07-28 19:26:13 [ERROR] [628394] [628469] [number_mapping.cpp:267] Unknown key: 65535, type: 0
2026-07-28 19:26:13 [ERROR] [628394] [628469] [number_mapping.cpp:267] Unknown key: 65535, type: 0
2026-07-28 19:26:13 [ERROR] [628394] [628469] [number_mapping.cpp:267] Unknown key: 65535, type: 0
2026-07-28 19:26:13 [ERROR] [628394] [628469] [number_mapping.cpp:267] Unknown key: 65535, type: 0
2026-07-28 19:26:13 [ERROR] [628394] [628469] [number_mapping.cpp:267] Unknown key: 65535, type: 0
2026-07-28 19:26:13 [ERROR] [628394] [628469] [number_mapping.cpp:267] Unknown key: 65535, type: 0
2026-07-28 19:26:13 [ERROR] [628394] [628469] [number_mapping.cpp:267] Unknown key: 65535, type: 0
2026-07-28 19:26:13 [ERROR] [628394] [628469] [number_mapping.cpp:267] Unknown key: 65535, type: 0
2026-07-28 19:26:13 [ERROR] [628394] [628469] [number_mapping.cpp:267] Unknown key: 65535, type: 0
2026-07-28 19:26:13 [ERROR] [628394] [628469] [number_mapping.cpp:267] Unknown key: 65535, type: 0
2026-07-28 19:26:13 [ERROR] [628394] [628469] [number_mapping.cpp:267] Unknown key: 65535, type: 0
2026-07-28 19:26:13 [ERROR] [628394] [628469] [number_mapping.cpp:267] Unknown key: 65535, type: 0
2026-07-28 19:26:13 [ERROR] [628394] [628469] [number_mapping.cpp:267] Unknown key: 65535, type: 0
2026-07-28 19:26:13 [ERROR] [628394] [628469] [number_mapping.cpp:267] Unknown key: 65535, type: 0
2026-07-28 19:26:13 [ERROR] [628394] [628469] [number_mapping.cpp:267] Unknown key: 65535, type: 0
2026-07-28 19:26:13 [ERROR] [628394] [628469] [number_mapping.cpp:267] Unknown key: 65535, type: 0
2026-07-28 19:26:13 [ERROR] [628394] [628469] [number_mapping.cpp:267] Unknown key: 65535, type: 0
2026-07-28 19:26:13 [ERROR] [628394] [628469] [number_mapping.cpp:267] Unknown key: 65535, type: 0
2026-07-28 19:26:13 [ERROR] [628394] [628469] [number_mapping.cpp:267] Unknown key: 65535, type: 0
2026-07-28 19:26:13 [ERROR] [628394] [628469] [number_mapping.cpp:267] Unknown key: 65535, type: 0
2026-07-28 19:26:13 [ERROR] [628394] [628469] [number_mapping.cpp:267] Unknown key: 65535, type: 0
2026-07-28 19:26:13 [ERROR] [628394] [628469] [number_mapping.cpp:267] Unknown key: 65535, type: 0
2026-07-28 19:26:13 [ERROR] [628394] [628469] [number_mapping.cpp:267] Unknown key: 65535, type: 0
2026-07-28 19:26:13 [ERROR] [628394] [628469] [number_mapping.cpp:267] Unknown key: 65535, type: 0
2026-07-28 19:26:13 [ERROR] [628394] [628469] [number_mapping.cpp:267] Unknown key: 65535, type: 0
2026-07-28 19:26:13 [ERROR] [628394] [628469] [number_mapping.cpp:267] Unknown key: 65535, type: 0
2026-07-28 19:26:13 [ERROR] [628394] [628469] [number_mapping.cpp:267] Unknown key: 65535, type: 0
2026-07-28 19:26:13 [ERROR] [628394] [628469] [number_mapping.cpp:267] Unknown key: 65535, type: 0
2026-07-28 19:26:13 [ERROR] [628394] [628469] [number_mapping.cpp:267] Unknown key: 65535, type: 0
2026-07-28 19:26:13 [ERROR] [628394] [628469] [number_mapping.cpp:267] Unknown key: 65535, type: 0
2026-07-28 19:26:13 [ERROR] [628394] [628469] [number_mapping.cpp:267] Unknown key: 65535, type: 0
2026-07-28 19:26:13 [ERROR] [628394] [628469] [number_mapping.cpp:267] Unknown key: 65535, type: 0
2026-07-28 19:26:13 [ERROR] [628394] [628469] [number_mapping.cpp:267] Unknown key: 65535, type: 0
2026-07-28 19:26:13 [ERROR] [628394] [628469] [number_mapping.cpp:267] Unknown key: 65535, type: 0
2026-07-28 19:26:13 [ERROR] [628394] [628469] [number_mapping.cpp:267] Unknown key: 65535, type: 0
2026-07-28 19:26:13 [ERROR] [628394] [628469] [number_mapping.cpp:267] Unknown key: 65535, type: 0
2026-07-28 19:26:13 [ERROR] [628394] [628469] [number_mapping.cpp:267] Unknown key: 65535, type: 0
2026-07-28 19:26:13 [ERROR] [628394] [628469] [number_mapping.cpp:267] Unknown key: 65535, type: 0
2026-07-28 19:26:13 [ERROR] [628394] [628469] [number_mapping.cpp:267] Unknown key: 65535, type: 0
2026-07-28 19:26:13 [ERROR] [628394] [628469] [number_mapping.cpp:267] Unknown key: 65535, type: 0
2026-07-28 19:26:13 [ERROR] [628394] [628469] [number_mapping.cpp:267] Unknown key: 65535, type: 0
2026-07-28 19:26:13 [ERROR] [628394] [628469] [number_mapping.cpp:267] Unknown key: 65535, type: 0
2026-07-28 19:26:13 [ERROR] [628394] [628469] [number_mapping.cpp:267] Unknown key: 65535, type: 0
2026-07-28 19:26:13 [ERROR] [628394] [628469] [number_mapping.cpp:267] Unknown key: 65535, type: 0
2026-07-28 19:26:13 [ERROR] [628394] [628469] [number_mapping.cpp:267] Unknown key: 65535, type: 0
2026-07-28 19:26:13 [ERROR] [628394] [628469] [number_mapping.cpp:267] Unknown key: 65535, type: 0
2026-07-28 19:26:13 [ERROR] [628394] [628469] [number_mapping.cpp:267] Unknown key: 65535, type: 0
2026-07-28 19:26:13 [ERROR] [628394] [628469] [number_mapping.cpp:267] Unknown key: 65535, type: 0
2026-07-28 19:26:13 [ERROR] [628394] [628469] [number_mapping.cpp:267] Unknown key: 65535, type: 0
2026-07-28 19:26:13 [ERROR] [628394] [628469] [number_mapping.cpp:267] Unknown key: 65535, type: 0
2026-07-28 19:26:13 [ERROR] [628394] [628469] [number_mapping.cpp:267] Unknown key: 65535, type: 0
2026-07-28 19:26:13 [ERROR] [628394] [628469] [number_mapping.cpp:267] Unknown key: 65535, type: 0
2026-07-28 19:26:13 [ERROR] [628394] [628469] [number_mapping.cpp:267] Unknown key: 65535, type: 0
2026-07-28 19:26:13 [ERROR] [628394] [628469] [number_mapping.cpp:267] Unknown key: 65535, type: 0
2026-07-28 19:26:13 [ERROR] [628394] [628469] [number_mapping.cpp:267] Unknown key: 65535, type: 0
2026-07-28 19:26:13 [ERROR] [628394] [628469] [number_mapping.cpp:267] Unknown key: 65535, type: 0
2026-07-28 19:26:13 [ERROR] [628394] [628469] [number_mapping.cpp:267] Unknown key: 65535, type: 0
2026-07-28 19:26:13 [ERROR] [628394] [628469] [number_mapping.cpp:267] Unknown key: 65535, type: 0
2026-07-28 19:26:13 [ERROR] [628394] [628469] [number_mapping.cpp:267] Unknown key: 65535, type: 0
2026-07-28 19:26:13 [ERROR] [628394] [628469] [number_mapping.cpp:267] Unknown key: 65535, type: 0
2026-07-28 19:26:13 [ERROR] [628394] [628469] [number_mapping.cpp:267] Unknown key: 65535, type: 0
2026-07-28 19:26:13 [ERROR] [628394] [628469] [number_mapping.cpp:267] Unknown key: 65535, type: 0
2026-07-28 19:26:13 [ERROR] [628394] [628469] [number_mapping.cpp:267] Unknown key: 65535, type: 0
2026-07-28 19:26:13 [ERROR] [628394] [628469] [number_mapping.cpp:267] Unknown key: 65535, type: 0
2026-07-28 19:26:13 [ERROR] [628394] [628469] [number_mapping.cpp:267] Unknown key: 65535, type: 0
2026-07-28 19:26:13 [ERROR] [628394] [628469] [number_mapping.cpp:267] Unknown key: 65535, type: 0
2026-07-28 19:26:13 [ERROR] [628394] [628469] [number_mapping.cpp:267] Unknown key: 65535, type: 0
2026-07-28 19:26:13 [ERROR] [628394] [628469] [number_mapping.cpp:267] Unknown key: 65535, type: 0
2026-07-28 19:26:13 [ERROR] [628394] [628469] [number_mapping.cpp:267] Unknown key: 65535, type: 0
2026-07-28 19:26:13 [ERROR] [628394] [628469] [number_mapping.cpp:267] Unknown key: 65535, type: 0
2026-07-28 19:26:13 [ERROR] [628394] [628469] [number_mapping.cpp:267] Unknown key: 65535, type: 0
2026-07-28 19:26:13 [ERROR] [628394] [628469] [number_mapping.cpp:267] Unknown key: 65535, type: 0
2026-07-28 19:26:13 [ERROR] [628394] [628469] [number_mapping.cpp:267] Unknown key: 65535, type: 0
2026-07-28 19:26:13 [ERROR] [628394] [628469] [number_mapping.cpp:267] Unknown key: 65535, type: 0
2026-07-28 19:26:13 [ERROR] [628394] [628469] [number_mapping.cpp:267] Unknown key: 65535, type: 0
2026-07-28 19:26:13 [ERROR] [628394] [628469] [number_mapping.cpp:267] Unknown key: 65535, type: 0
2026-07-28 19:26:13 [ERROR] [628394] [628469] [number_mapping.cpp:267] Unknown key: 65535, type: 0
2026-07-28 19:26:13 [ERROR] [628394] [628469] [number_mapping.cpp:267] Unknown key: 65535, type: 0
2026-07-28 19:26:13 [ERROR] [628394] [628469] [number_mapping.cpp:267] Unknown key: 65535, type: 0
2026-07-28 19:26:13 [ERROR] [628394] [628469] [number_mapping.cpp:267] Unknown key: 65535, type: 0
2026-07-28 19:26:13 [ERROR] [628394] [628469] [number_mapping.cpp:267] Unknown key: 65535, type: 0
2026-07-28 19:26:13 [ERROR] [628394] [628469] [number_mapping.cpp:267] Unknown key: 65535, type: 0
2026-07-28 19:26:13 [ERROR] [628394] [628469] [number_mapping.cpp:267] Unknown key: 65535, type: 0
2026-07-28 19:26:13 [ERROR] [628394] [628469] [number_mapping.cpp:267] Unknown key: 65535, type: 0
2026-07-28 19:26:13 [ERROR] [628394] [628469] [number_mapping.cpp:267] Unknown key: 65535, type: 0
2026-07-28 19:26:13 [ERROR] [628394] [628469] [number_mapping.cpp:267] Unknown key: 65535, type: 0
2026-07-28 19:26:13 [ERROR] [628394] [628469] [number_mapping.cpp:267] Unknown key: 65535, type: 0
2026-07-28 19:26:13 [ERROR] [628394] [628469] [number_mapping.cpp:267] Unknown key: 65535, type: 0
2026-07-28 19:26:13 [ERROR] [628394] [628469] [number_mapping.cpp:267] Unknown key: 65535, type: 0
2026-07-28 19:26:13 [ERROR] [628394] [628469] [number_mapping.cpp:267] Unknown key: 65535, type: 0
2026-07-28 19:26:13 [ERROR] [628394] [628469] [number_mapping.cpp:267] Unknown key: 65535, type: 0
2026-07-28 19:26:13 [ERROR] [628394] [628469] [number_mapping.cpp:267] Unknown key: 65535, type: 0
2026-07-28 19:26:13 [ERROR] [628394] [628469] [number_mapping.cpp:267] Unknown key: 65535, type: 0
2026-07-28 19:26:13 [ERROR] [628394] [628469] [number_mapping.cpp:267] Unknown key: 65535, type: 0
2026-07-28 19:26:13 [ERROR] [628394] [628469] [number_mapping.cpp:267] Unknown key: 65535, type: 0
2026-07-28 19:26:13 [ERROR] [628394] [628469] [number_mapping.cpp:267] Unknown key: 65535, type: 0
2026-07-28 19:26:13 [ERROR] [628394] [628469] [number_mapping.cpp:267] Unknown key: 65535, type: 0
2026-07-28 19:26:13 [ERROR] [628394] [628469] [number_mapping.cpp:267] Unknown key: 65535, type: 0
2026-07-28 19:26:13 [ERROR] [628394] [628469] [number_mapping.cpp:267] Unknown key: 65535, type: 0
2026-07-28 19:26:13 [ERROR] [628394] [628469] [number_mapping.cpp:267] Unknown key: 65535, type: 0
2026-07-28 19:26:13 [ERROR] [628394] [628469] [number_mapping.cpp:267] Unknown key: 65535, type: 0
2026-07-28 19:26:13 [ERROR] [628394] [628469] [number_mapping.cpp:267] Unknown key: 65535, type: 0
2026-07-28 19:26:13 [ERROR] [628394] [628469] [number_mapping.cpp:267] Unknown key: 65535, type: 0
2026-07-28 19:26:13 [ERROR] [628394] [628469] [number_mapping.cpp:267] Unknown key: 65535, type: 0
2026-07-28 19:26:13 [ERROR] [628394] [628469] [number_mapping.cpp:267] Unknown key: 65535, type: 0
2026-07-28 19:26:13 [ERROR] [628394] [628469] [number_mapping.cpp:267] Unknown key: 65535, type: 0
2026-07-28 19:26:13 [ERROR] [628394] [628469] [number_mapping.cpp:267] Unknown key: 65535, type: 0
2026-07-28 19:26:13 [ERROR] [628394] [628469] [number_mapping.cpp:267] Unknown key: 65535, type: 0
2026-07-28 19:26:13 [ERROR] [628394] [628469] [number_mapping.cpp:267] Unknown key: 65535, type: 0
2026-07-28 19:26:13 [ERROR] [628394] [628469] [number_mapping.cpp:267] Unknown key: 65535, type: 0
2026-07-28 19:26:13 [ERROR] [628394] [628469] [number_mapping.cpp:267] Unknown key: 65535, type: 0
2026-07-28 19:26:13 [ERROR] [628394] [628469] [number_mapping.cpp:267] Unknown key: 65535, type: 0
2026-07-28 19:26:13 [ERROR] [628394] [628469] [number_mapping.cpp:267] Unknown key: 65535, type: 0
2026-07-28 19:26:13 [ERROR] [628394] [628469] [number_mapping.cpp:267] Unknown key: 65535, type: 0
2026-07-28 19:26:13 [ERROR] [628394] [628469] [number_mapping.cpp:267] Unknown key: 65535, type: 0
2026-07-28 19:26:13 [ERROR] [628394] [628469] [number_mapping.cpp:267] Unknown key: 65535, type: 0
2026-07-28 19:26:13 [ERROR] [628394] [628469] [number_mapping.cpp:267] Unknown key: 65535, type: 0
2026-07-28 19:26:13 [ERROR] [628394] [628469] [number_mapping.cpp:267] Unknown key: 65535, type: 0
2026-07-28 19:26:13 [ERROR] [628394] [628469] [number_mapping.cpp:267] Unknown key: 65535, type: 0
2026-07-28 19:26:13 [ERROR] [628394] [628469] [number_mapping.cpp:267] Unknown key: 65535, type: 0
2026-07-28 19:26:13 [ERROR] [628394] [628469] [number_mapping.cpp:267] Unknown key: 65535, type: 0
2026-07-28 19:26:13 [ERROR] [628394] [628469] [number_mapping.cpp:267] Unknown key: 65535, type: 0
2026-07-28 19:26:13 [ERROR] [628394] [628469] [number_mapping.cpp:267] Unknown key: 65535, type: 0
2026-07-28 19:26:13 [ERROR] [628394] [628469] [number_mapping.cpp:267] Unknown key: 65535, type: 0
2026-07-28 19:26:13 [ERROR] [628394] [628469] [number_mapping.cpp:267] Unknown key: 65535, type: 0
2026-07-28 19:26:13 [ERROR] [628394] [628469] [number_mapping.cpp:267] Unknown key: 65535, type: 0
2026-07-28 19:26:13 [ERROR] [628394] [628469] [number_mapping.cpp:267] Unknown key: 65535, type: 0
2026-07-28 19:26:13 [ERROR] [628394] [628469] [number_mapping.cpp:267] Unknown key: 65535, type: 0
2026-07-28 19:26:13 [ERROR] [628394] [628469] [number_mapping.cpp:267] Unknown key: 65535, type: 0
2026-07-28 19:26:13 [ERROR] [628394] [628469] [number_mapping.cpp:267] Unknown key: 65535, type: 0
2026-07-28 19:26:13 [ERROR] [628394] [628469] [number_mapping.cpp:267] Unknown key: 65535, type: 0
2026-07-28 19:26:13 [ERROR] [628394] [628469] [number_mapping.cpp:267] Unknown key: 65535, type: 0
2026-07-28 19:26:13 [ERROR] [628394] [628469] [number_mapping.cpp:267] Unknown key: 65535, type: 0
2026-07-28 19:26:13 [ERROR] [628394] [628469] [number_mapping.cpp:267] Unknown key: 65535, type: 0
2026-07-28 19:26:13 [ERROR] [628394] [628469] [number_mapping.cpp:267] Unknown key: 65535, type: 0
2026-07-28 19:26:13 [ERROR] [628394] [628469] [number_mapping.cpp:267] Unknown key: 65535, type: 0
2026-07-28 19:26:13 [ERROR] [628394] [628469] [number_mapping.cpp:267] Unknown key: 65535, type: 0
2026-07-28 19:26:13 [ERROR] [628394] [628469] [number_mapping.cpp:267] Unknown key: 65535, type: 0
2026-07-28 19:26:13 [ERROR] [628394] [628469] [number_mapping.cpp:267] Unknown key: 65535, type: 0
2026-07-28 19:26:13 [ERROR] [628394] [628469] [number_mapping.cpp:267] Unknown key: 65535, type: 0
2026-07-28 19:26:13 [ERROR] [628394] [628469] [number_mapping.cpp:267] Unknown key: 65535, type: 0
2026-07-28 19:26:13 [ERROR] [628394] [628469] [number_mapping.cpp:267] Unknown key: 65535, type: 0
2026-07-28 19:26:13 [ERROR] [628394] [628469] [number_mapping.cpp:267] Unknown key: 65535, type: 0
2026-07-28 19:26:13 [ERROR] [628394] [628469] [number_mapping.cpp:267] Unknown key: 65535, type: 0
2026-07-28 19:26:13 [ERROR] [628394] [628469] [number_mapping.cpp:267] Unknown key: 65535, type: 0
2026-07-28 19:26:13 [ERROR] [628394] [628469] [number_mapping.cpp:267] Unknown key: 65535, type: 0
2026-07-28 19:26:13 [ERROR] [628394] [628469] [number_mapping.cpp:267] Unknown key: 65535, type: 0
2026-07-28 19:26:13 [ERROR] [628394] [628469] [number_mapping.cpp:267] Unknown key: 65535, type: 0
2026-07-28 19:26:13 [ERROR] [628394] [628469] [number_mapping.cpp:267] Unknown key: 65535, type: 0
2026-07-28 19:26:13 [ERROR] [628394] [628469] [number_mapping.cpp:267] Unknown key: 65535, type: 0
2026-07-28 19:26:13 [ERROR] [628394] [628469] [number_mapping.cpp:267] Unknown key: 65535, type: 0
2026-07-28 19:26:13 [ERROR] [628394] [628469] [number_mapping.cpp:267] Unknown key: 65535, type: 0
2026-07-28 19:26:13 [ERROR] [628394] [628469] [number_mapping.cpp:267] Unknown key: 65535, type: 0
2026-07-28 19:26:13 [ERROR] [628394] [628469] [number_mapping.cpp:267] Unknown key: 65535, type: 0
2026-07-28 19:26:13 [ERROR] [628394] [628469] [number_mapping.cpp:267] Unknown key: 65535, type: 0
2026-07-28 19:26:13 [ERROR] [628394] [628469] [number_mapping.cpp:267] Unknown key: 65535, type: 0
2026-07-28 19:26:13 [ERROR] [628394] [628469] [number_mapping.cpp:267] Unknown key: 65535, type: 0
2026-07-28 19:26:13 [ERROR] [628394] [628469] [number_mapping.cpp:267] Unknown key: 65535, type: 0
2026-07-28 19:26:13 [ERROR] [628394] [628469] [number_mapping.cpp:267] Unknown key: 65535, type: 0
2026-07-28 19:26:13 [ERROR] [628394] [628469] [number_mapping.cpp:267] Unknown key: 65535, type: 0
2026-07-28 19:26:13 [ERROR] [628394] [628469] [number_mapping.cpp:267] Unknown key: 65535, type: 0
2026-07-28 19:26:13 [ERROR] [628394] [628469] [number_mapping.cpp:267] Unknown key: 65535, type: 0
2026-07-28 19:26:13 [ERROR] [628394] [628469] [number_mapping.cpp:267] Unknown key: 65535, type: 0
2026-07-28 19:26:13 [ERROR] [628394] [628469] [number_mapping.cpp:267] Unknown key: 65535, type: 0
2026-07-28 19:26:13 [ERROR] [628394] [628469] [number_mapping.cpp:267] Unknown key: 65535, type: 0
2026-07-28 19:26:13 [ERROR] [628394] [628469] [number_mapping.cpp:267] Unknown key: 65535, type: 0
2026-07-28 19:26:13 [ERROR] [628394] [628469] [number_mapping.cpp:267] Unknown key: 65535, type: 0
2026-07-28 19:26:13 [ERROR] [628394] [628469] [number_mapping.cpp:267] Unknown key: 65535, type: 0
2026-07-28 19:26:13 [ERROR] [628394] [628469] [number_mapping.cpp:267] Unknown key: 65535, type: 0
2026-07-28 19:26:13 [ERROR] [628394] [628469] [number_mapping.cpp:267] Unknown key: 65535, type: 0
2026-07-28 19:26:13 [ERROR] [628394] [628469] [number_mapping.cpp:267] Unknown key: 65535, type: 0
2026-07-28 19:26:13 [ERROR] [628394] [628469] [number_mapping.cpp:267] Unknown key: 65535, type: 0
2026-07-28 19:26:13 [ERROR] [628394] [628469] [number_mapping.cpp:267] Unknown key: 65535, type: 0
2026-07-28 19:26:13 [ERROR] [628394] [628469] [number_mapping.cpp:267] Unknown key: 65535, type: 0
2026-07-28 19:26:13 [ERROR] [628394] [628469] [number_mapping.cpp:267] Unknown key: 65535, type: 0
2026-07-28 19:26:13 [ERROR] [628394] [628469] [number_mapping.cpp:267] Unknown key: 65535, type: 0
2026-07-28 19:26:13 [ERROR] [628394] [628469] [number_mapping.cpp:267] Unknown key: 65535, type: 0
2026-07-28 19:26:13 [ERROR] [628394] [628469] [number_mapping.cpp:267] Unknown key: 65535, type: 0
2026-07-28 19:26:13 [ERROR] [628394] [628469] [number_mapping.cpp:267] Unknown key: 65535, type: 0
2026-07-28 19:26:13 [ERROR] [628394] [628469] [number_mapping.cpp:267] Unknown key: 65535, type: 0
2026-07-28 19:26:13 [ERROR] [628394] [628469] [number_mapping.cpp:267] Unknown key: 65535, type: 0
2026-07-28 19:26:13 [ERROR] [628394] [628469] [number_mapping.cpp:267] Unknown key: 65535, type: 0
2026-07-28 19:26:13 [ERROR] [628394] [628469] [number_mapping.cpp:267] Unknown key: 65535, type: 0
2026-07-28 19:26:13 [ERROR] [628394] [628469] [number_mapping.cpp:267] Unknown key: 65535, type: 0
2026-07-28 19:26:13 [ERROR] [628394] [628469] [number_mapping.cpp:267] Unknown key: 65535, type: 0
2026-07-28 19:26:13 [ERROR] [628394] [628469] [number_mapping.cpp:267] Unknown key: 65535, type: 0
2026-07-28 19:26:13 [ERROR] [628394] [628469] [number_mapping.cpp:267] Unknown key: 65535, type: 0
2026-07-28 19:26:13 [ERROR] [628394] [628469] [number_mapping.cpp:267] Unknown key: 65535, type: 0
2026-07-28 19:26:13 [ERROR] [628394] [628469] [number_mapping.cpp:267] Unknown key: 65535, type: 0
2026-07-28 19:26:13 [ERROR] [628394] [628469] [number_mapping.cpp:267] Unknown key: 65535, type: 0
2026-07-28 19:26:13 [ERROR] [628394] [628469] [number_mapping.cpp:267] Unknown key: 65535, type: 0
2026-07-28 19:26:13 [ERROR] [628394] [628469] [number_mapping.cpp:267] Unknown key: 65535, type: 0
2026-07-28 19:26:13 [ERROR] [628394] [628469] [number_mapping.cpp:267] Unknown key: 65535, type: 0
2026-07-28 19:26:13 [ERROR] [628394] [628469] [number_mapping.cpp:267] Unknown key: 65535, type: 0
2026-07-28 19:26:13 [ERROR] [628394] [628469] [number_mapping.cpp:267] Unknown key: 65535, type: 0
2026-07-28 19:26:13 [ERROR] [628394] [628469] [number_mapping.cpp:267] Unknown key: 65535, type: 0
2026-07-28 19:26:13 [ERROR] [628394] [628469] [number_mapping.cpp:267] Unknown key: 65535, type: 0
2026-07-28 19:26:13 [ERROR] [628394] [628469] [number_mapping.cpp:267] Unknown key: 65535, type: 0
2026-07-28 19:26:13 [ERROR] [628394] [628469] [number_mapping.cpp:267] Unknown key: 65535, type: 0
2026-07-28 19:26:13 [ERROR] [628394] [628469] [number_mapping.cpp:267] Unknown key: 65535, type: 0
2026-07-28 19:26:13 [ERROR] [628394] [628469] [number_mapping.cpp:267] Unknown key: 65535, type: 0
2026-07-28 19:26:13 [ERROR] [628394] [628469] [number_mapping.cpp:267] Unknown key: 65535, type: 0
2026-07-28 19:26:13 [ERROR] [628394] [628469] [number_mapping.cpp:267] Unknown key: 65535, type: 0
2026-07-28 19:26:13 [ERROR] [628394] [628469] [number_mapping.cpp:267] Unknown key: 65535, type: 0
2026-07-28 19:26:13 [ERROR] [628394] [628469] [number_mapping.cpp:267] Unknown key: 65535, type: 0
2026-07-28 19:26:13 [ERROR] [628394] [628469] [number_mapping.cpp:267] Unknown key: 65535, type: 0
2026-07-28 19:26:13 [ERROR] [628394] [628469] [number_mapping.cpp:267] Unknown key: 65535, type: 0
2026-07-28 19:26:13 [ERROR] [628394] [628469] [number_mapping.cpp:267] Unknown key: 65535, type: 0
2026-07-28 19:26:13 [ERROR] [628394] [628469] [number_mapping.cpp:267] Unknown key: 65535, type: 0
2026-07-28 19:26:13 [ERROR] [628394] [628469] [number_mapping.cpp:267] Unknown key: 65535, type: 0
2026-07-28 19:26:13 [ERROR] [628394] [628469] [number_mapping.cpp:267] Unknown key: 65535, type: 0
2026-07-28 19:26:13 [ERROR] [628394] [628469] [number_mapping.cpp:267] Unknown key: 65535, type: 0
2026-07-28 19:26:13 [ERROR] [628394] [628469] [number_mapping.cpp:267] Unknown key: 65535, type: 0
2026-07-28 19:26:13 [ERROR] [628394] [628469] [number_mapping.cpp:267] Unknown key: 65535, type: 0
2026-07-28 19:26:13 [ERROR] [628394] [628469] [number_mapping.cpp:267] Unknown key: 65535, type: 0
2026-07-28 19:26:13 [ERROR] [628394] [628469] [number_mapping.cpp:267] Unknown key: 65535, type: 0
2026-07-28 19:26:13 [ERROR] [628394] [628469] [number_mapping.cpp:267] Unknown key: 65535, type: 0
2026-07-28 19:26:13 [ERROR] [628394] [628469] [number_mapping.cpp:267] Unknown key: 65535, type: 0
2026-07-28 19:26:13 [ERROR] [628394] [628469] [number_mapping.cpp:267] Unknown key: 65535, type: 0
2026-07-28 19:26:13 [ERROR] [628394] [628469] [number_mapping.cpp:267] Unknown key: 65535, type: 0
2026-07-28 19:26:13 [ERROR] [628394] [628469] [number_mapping.cpp:267] Unknown key: 65535, type: 0
2026-07-28 19:26:13 [ERROR] [628394] [628469] [number_mapping.cpp:267] Unknown key: 65535, type: 0
2026-07-28 19:26:13 [ERROR] [628394] [628469] [number_mapping.cpp:267] Unknown key: 65535, type: 0
2026-07-28 19:26:13 [ERROR] [628394] [628469] [number_mapping.cpp:267] Unknown key: 65535, type: 0
2026-07-28 19:26:13 [ERROR] [628394] [628469] [number_mapping.cpp:267] Unknown key: 65535, type: 0
2026-07-28 19:26:13 [ERROR] [628394] [628469] [number_mapping.cpp:267] Unknown key: 65535, type: 0
2026-07-28 19:26:13 [ERROR] [628394] [628469] [number_mapping.cpp:267] Unknown key: 65535, type: 0
2026-07-28 19:26:13 [ERROR] [628394] [628469] [number_mapping.cpp:267] Unknown key: 65535, type: 0
2026-07-28 19:26:13 [ERROR] [628394] [628469] [number_mapping.cpp:267] Unknown key: 65535, type: 0
2026-07-28 19:26:13 [ERROR] [628394] [628469] [number_mapping.cpp:267] Unknown key: 65535, type: 0
2026-07-28 19:26:13 [ERROR] [628394] [628469] [number_mapping.cpp:267] Unknown key: 65535, type: 0
2026-07-28 19:26:13 [ERROR] [628394] [628469] [number_mapping.cpp:267] Unknown key: 65535, type: 0
2026-07-28 19:26:13 [ERROR] [628394] [628469] [number_mapping.cpp:267] Unknown key: 65535, type: 0
2026-07-28 19:26:13 [ERROR] [628394] [628469] [number_mapping.cpp:267] Unknown key: 65535, type: 0
2026-07-28 19:26:13 [ERROR] [628394] [628469] [number_mapping.cpp:267] Unknown key: 65535, type: 0
2026-07-28 19:26:13 [ERROR] [628394] [628469] [number_mapping.cpp:267] Unknown key: 65535, type: 0
2026-07-28 19:26:13 [ERROR] [628394] [628469] [number_mapping.cpp:267] Unknown key: 65535, type: 0
2026-07-28 19:26:13 [ERROR] [628394] [628469] [number_mapping.cpp:267] Unknown key: 65535, type: 0
2026-07-28 19:26:13 [ERROR] [628394] [628469] [number_mapping.cpp:267] Unknown key: 65535, type: 0
2026-07-28 19:26:13 [ERROR] [628394] [628469] [number_mapping.cpp:267] Unknown key: 65535, type: 0
2026-07-28 19:26:13 [ERROR] [628394] [628469] [number_mapping.cpp:267] Unknown key: 65535, type: 0
2026-07-28 19:26:13 [ERROR] [628394] [628469] [number_mapping.cpp:267] Unknown key: 65535, type: 0
2026-07-28 19:26:13 [ERROR] [628394] [628469] [number_mapping.cpp:267] Unknown key: 65535, type: 0
2026-07-28 19:26:13 [ERROR] [628394] [628469] [number_mapping.cpp:267] Unknown key: 65535, type: 0
2026-07-28 19:26:13 [ERROR] [628394] [628469] [number_mapping.cpp:267] Unknown key: 65535, type: 0
2026-07-28 19:26:13 [ERROR] [628394] [628469] [number_mapping.cpp:267] Unknown key: 65535, type: 0
2026-07-28 19:26:13 [ERROR] [628394] [628469] [number_mapping.cpp:267] Unknown key: 65535, type: 0
2026-07-28 19:26:13 [ERROR] [628394] [628469] [number_mapping.cpp:267] Unknown key: 65535, type: 0
2026-07-28 19:26:13 [ERROR] [628394] [628469] [number_mapping.cpp:267] Unknown key: 65535, type: 0
2026-07-28 19:26:13 [ERROR] [628394] [628469] [number_mapping.cpp:267] Unknown key: 65535, type: 0
2026-07-28 19:26:13 [ERROR] [628394] [628469] [number_mapping.cpp:267] Unknown key: 65535, type: 0
2026-07-28 19:26:13 [ERROR] [628394] [628469] [number_mapping.cpp:267] Unknown key: 65535, type: 0
2026-07-28 19:26:13 [ERROR] [628394] [628469] [number_mapping.cpp:267] Unknown key: 65535, type: 0
2026-07-28 19:26:13 [ERROR] [628394] [628469] [number_mapping.cpp:267] Unknown key: 65535, type: 0
2026-07-28 19:26:13 [ERROR] [628394] [628469] [number_mapping.cpp:267] Unknown key: 65535, type: 0
2026-07-28 19:26:13 [ERROR] [628394] [628469] [number_mapping.cpp:267] Unknown key: 65535, type: 0
2026-07-28 19:26:13 [ERROR] [628394] [628469] [number_mapping.cpp:267] Unknown key: 65535, type: 0
2026-07-28 19:26:13 [ERROR] [628394] [628469] [number_mapping.cpp:267] Unknown key: 65535, type: 0
2026-07-28 19:26:13 [ERROR] [628394] [628469] [number_mapping.cpp:267] Unknown key: 65535, type: 0
2026-07-28 19:26:13 [ERROR] [628394] [628469] [number_mapping.cpp:267] Unknown key: 65535, type: 0
2026-07-28 19:26:13 [ERROR] [628394] [628469] [number_mapping.cpp:267] Unknown key: 65535, type: 0
2026-07-28 19:26:13 [ERROR] [628394] [628469] [number_mapping.cpp:267] Unknown key: 65535, type: 0
2026-07-28 19:26:13 [ERROR] [628394] [628469] [number_mapping.cpp:267] Unknown key: 65535, type: 0
2026-07-28 19:26:13 [ERROR] [628394] [628469] [number_mapping.cpp:267] Unknown key: 65535, type: 0
2026-07-28 19:26:13 [ERROR] [628394] [628469] [number_mapping.cpp:267] Unknown key: 65535, type: 0
2026-07-28 19:26:13 [ERROR] [628394] [628469] [number_mapping.cpp:267] Unknown key: 65535, type: 0
2026-07-28 19:26:13 [ERROR] [628394] [628469] [number_mapping.cpp:267] Unknown key: 65535, type: 0
2026-07-28 19:26:13 [ERROR] [628394] [628469] [number_mapping.cpp:267] Unknown key: 65535, type: 0
2026-07-28 19:26:13 [ERROR] [628394] [628469] [number_mapping.cpp:267] Unknown key: 65535, type: 0
2026-07-28 19:26:13 [ERROR] [628394] [628469] [number_mapping.cpp:267] Unknown key: 65535, type: 0
2026-07-28 19:26:13 [ERROR] [628394] [628469] [number_mapping.cpp:267] Unknown key: 65535, type: 0
2026-07-28 19:26:13 [ERROR] [628394] [628469] [number_mapping.cpp:267] Unknown key: 65535, type: 0
2026-07-28 19:26:13 [ERROR] [628394] [628469] [number_mapping.cpp:267] Unknown key: 65535, type: 0
2026-07-28 19:26:13 [ERROR] [628394] [628469] [number_mapping.cpp:267] Unknown key: 65535, type: 0
2026-07-28 19:26:13 [ERROR] [628394] [628469] [number_mapping.cpp:267] Unknown key: 65535, type: 0
2026-07-28 19:26:13 [ERROR] [628394] [628469] [number_mapping.cpp:267] Unknown key: 65535, type: 0
2026-07-28 19:26:13 [ERROR] [628394] [628469] [number_mapping.cpp:267] Unknown key: 65535, type: 0
2026-07-28 19:26:13 [ERROR] [628394] [628469] [number_mapping.cpp:267] Unknown key: 65535, type: 0
2026-07-28 19:26:13 [ERROR] [628394] [628469] [number_mapping.cpp:267] Unknown key: 65535, type: 0
2026-07-28 19:26:13 [ERROR] [628394] [628469] [number_mapping.cpp:267] Unknown key: 65535, type: 0
2026-07-28 19:26:13 [ERROR] [628394] [628469] [number_mapping.cpp:267] Unknown key: 65535, type: 0
2026-07-28 19:26:13 [ERROR] [628394] [628469] [number_mapping.cpp:267] Unknown key: 65535, type: 0
2026-07-28 19:26:13 [ERROR] [628394] [628469] [number_mapping.cpp:267] Unknown key: 65535, type: 0
2026-07-28 19:26:13 [ERROR] [628394] [628469] [number_mapping.cpp:267] Unknown key: 65535, type: 0
2026-07-28 19:26:13 [ERROR] [628394] [628469] [number_mapping.cpp:267] Unknown key: 65535, type: 0
2026-07-28 19:26:13 [ERROR] [628394] [628469] [number_mapping.cpp:267] Unknown key: 65535, type: 0
2026-07-28 19:26:13 [ERROR] [628394] [628469] [number_mapping.cpp:267] Unknown key: 65535, type: 0
2026-07-28 19:26:13 [ERROR] [628394] [628469] [number_mapping.cpp:267] Unknown key: 65535, type: 0
2026-07-28 19:26:13 [ERROR] [628394] [628469] [number_mapping.cpp:267] Unknown key: 65535, type: 0
2026-07-28 19:26:13 [ERROR] [628394] [628469] [number_mapping.cpp:267] Unknown key: 65535, type: 0
2026-07-28 19:26:13 [ERROR] [628394] [628469] [number_mapping.cpp:267] Unknown key: 65535, type: 0
2026-07-28 19:26:13 [ERROR] [628394] [628469] [number_mapping.cpp:267] Unknown key: 65535, type: 0
2026-07-28 19:26:13 [ERROR] [628394] [628469] [number_mapping.cpp:267] Unknown key: 65535, type: 0
2026-07-28 19:26:13 [ERROR] [628394] [628469] [number_mapping.cpp:267] Unknown key: 65535, type: 0
2026-07-28 19:26:13 [ERROR] [628394] [628469] [number_mapping.cpp:267] Unknown key: 65535, type: 0
2026-07-28 19:26:13 [ERROR] [628394] [628469] [number_mapping.cpp:267] Unknown key: 65535, type: 0
2026-07-28 19:26:13 [ERROR] [628394] [628469] [number_mapping.cpp:267] Unknown key: 65535, type: 0
2026-07-28 19:26:13 [ERROR] [628394] [628469] [number_mapping.cpp:267] Unknown key: 65535, type: 0
2026-07-28 19:26:13 [ERROR] [628394] [628469] [number_mapping.cpp:267] Unknown key: 65535, type: 0
2026-07-28 19:26:13 [ERROR] [628394] [628469] [number_mapping.cpp:267] Unknown key: 65535, type: 0
2026-07-28 19:26:13 [ERROR] [628394] [628469] [number_mapping.cpp:267] Unknown key: 65535, type: 0
2026-07-28 19:26:13 [ERROR] [628394] [628469] [number_mapping.cpp:267] Unknown key: 65535, type: 0
2026-07-28 19:26:13 [ERROR] [628394] [628469] [number_mapping.cpp:267] Unknown key: 65535, type: 0
2026-07-28 19:26:13 [ERROR] [628394] [628469] [number_mapping.cpp:267] Unknown key: 65535, type: 0
2026-07-28 19:26:13 [ERROR] [628394] [628469] [number_mapping.cpp:267] Unknown key: 65535, type: 0
2026-07-28 19:26:13 [ERROR] [628394] [628469] [number_mapping.cpp:267] Unknown key: 65535, type: 0
2026-07-28 19:26:13 [ERROR] [628394] [628469] [number_mapping.cpp:267] Unknown key: 65535, type: 0
2026-07-28 19:26:13 [ERROR] [628394] [628469] [number_mapping.cpp:267] Unknown key: 65535, type: 0
2026-07-28 19:26:13 [ERROR] [628394] [628469] [number_mapping.cpp:267] Unknown key: 65535, type: 0
2026-07-28 19:26:13 [ERROR] [628394] [628469] [number_mapping.cpp:267] Unknown key: 65535, type: 0
2026-07-28 19:26:13 [ERROR] [628394] [628469] [number_mapping.cpp:267] Unknown key: 65535, type: 0
2026-07-28 19:26:13 [ERROR] [628394] [628469] [number_mapping.cpp:267] Unknown key: 65535, type: 0
2026-07-28 19:26:13 [ERROR] [628394] [628469] [number_mapping.cpp:267] Unknown key: 65535, type: 0
2026-07-28 19:26:13 [ERROR] [628394] [628469] [number_mapping.cpp:267] Unknown key: 65535, type: 0
2026-07-28 19:26:13 [ERROR] [628394] [628469] [number_mapping.cpp:267] Unknown key: 65535, type: 0
2026-07-28 19:26:13 [ERROR] [628394] [628469] [number_mapping.cpp:267] Unknown key: 65535, type: 0
2026-07-28 19:26:13 [ERROR] [628394] [628469] [number_mapping.cpp:267] Unknown key: 65535, type: 0
2026-07-28 19:26:13 [ERROR] [628394] [628469] [number_mapping.cpp:267] Unknown key: 65535, type: 0
2026-07-28 19:26:13 [ERROR] [628394] [628469] [number_mapping.cpp:267] Unknown key: 65535, type: 0
2026-07-28 19:26:13 [ERROR] [628394] [628469] [number_mapping.cpp:267] Unknown key: 65535, type: 0
2026-07-28 19:26:13 [ERROR] [628394] [628469] [number_mapping.cpp:267] Unknown key: 65535, type: 0
2026-07-28 19:26:13 [ERROR] [628394] [628469] [number_mapping.cpp:267] Unknown key: 65535, type: 0
2026-07-28 19:26:13 [INFO] [628394] [628470] [db_runner.h:68] insert data to HCCLTask success
2026-07-28 19:26:13 [ERROR] [628394] [628469] [number_mapping.cpp:267] Unknown key: 65535, type: 0
2026-07-28 19:26:13 [ERROR] [628394] [628469] [number_mapping.cpp:267] Unknown key: 65535, type: 0
2026-07-28 19:26:13 [ERROR] [628394] [628469] [number_mapping.cpp:267] Unknown key: 65535, type: 0
2026-07-28 19:26:13 [ERROR] [628394] [628469] [number_mapping.cpp:267] Unknown key: 65535, type: 0
2026-07-28 19:26:13 [ERROR] [628394] [628469] [number_mapping.cpp:267] Unknown key: 65535, type: 0
2026-07-28 19:26:13 [ERROR] [628394] [628469] [number_mapping.cpp:267] Unknown key: 65535, type: 0
2026-07-28 19:26:13 [ERROR] [628394] [628469] [number_mapping.cpp:267] Unknown key: 65535, type: 0
2026-07-28 19:26:13 [ERROR] [628394] [628469] [number_mapping.cpp:267] Unknown key: 65535, type: 0
2026-07-28 19:26:13 [ERROR] [628394] [628469] [number_mapping.cpp:267] Unknown key: 65535, type: 0
2026-07-28 19:26:13 [ERROR] [628394] [628469] [number_mapping.cpp:267] Unknown key: 65535, type: 0
2026-07-28 19:26:13 [ERROR] [628394] [628469] [number_mapping.cpp:267] Unknown key: 65535, type: 0
2026-07-28 19:26:13 [ERROR] [628394] [628469] [number_mapping.cpp:267] Unknown key: 65535, type: 0
2026-07-28 19:26:13 [ERROR] [628394] [628469] [number_mapping.cpp:267] Unknown key: 65535, type: 0
2026-07-28 19:26:13 [ERROR] [628394] [628469] [number_mapping.cpp:267] Unknown key: 65535, type: 0
2026-07-28 19:26:13 [ERROR] [628394] [628469] [number_mapping.cpp:267] Unknown key: 65535, type: 0
2026-07-28 19:26:13 [ERROR] [628394] [628469] [number_mapping.cpp:267] Unknown key: 65535, type: 0
2026-07-28 19:26:13 [ERROR] [628394] [628469] [number_mapping.cpp:267] Unknown key: 65535, type: 0
2026-07-28 19:26:13 [ERROR] [628394] [628469] [number_mapping.cpp:267] Unknown key: 65535, type: 0
2026-07-28 19:26:13 [ERROR] [628394] [628469] [number_mapping.cpp:267] Unknown key: 65535, type: 0
2026-07-28 19:26:13 [ERROR] [628394] [628469] [number_mapping.cpp:267] Unknown key: 65535, type: 0
2026-07-28 19:26:13 [ERROR] [628394] [628469] [number_mapping.cpp:267] Unknown key: 65535, type: 0
2026-07-28 19:26:13 [ERROR] [628394] [628469] [number_mapping.cpp:267] Unknown key: 65535, type: 0
2026-07-28 19:26:13 [ERROR] [628394] [628469] [number_mapping.cpp:267] Unknown key: 65535, type: 0
2026-07-28 19:26:13 [ERROR] [628394] [628469] [number_mapping.cpp:267] Unknown key: 65535, type: 0
2026-07-28 19:26:13 [ERROR] [628394] [628469] [number_mapping.cpp:267] Unknown key: 65535, type: 0
2026-07-28 19:26:13 [ERROR] [628394] [628469] [number_mapping.cpp:267] Unknown key: 65535, type: 0
2026-07-28 19:26:13 [ERROR] [628394] [628469] [number_mapping.cpp:267] Unknown key: 65535, type: 0
2026-07-28 19:26:13 [ERROR] [628394] [628469] [number_mapping.cpp:267] Unknown key: 65535, type: 0
2026-07-28 19:26:13 [ERROR] [628394] [628469] [number_mapping.cpp:267] Unknown key: 65535, type: 0
2026-07-28 19:26:13 [ERROR] [628394] [628469] [number_mapping.cpp:267] Unknown key: 65535, type: 0
2026-07-28 19:26:13 [ERROR] [628394] [628469] [number_mapping.cpp:267] Unknown key: 65535, type: 0
2026-07-28 19:26:13 [ERROR] [628394] [628469] [number_mapping.cpp:267] Unknown key: 65535, type: 0
2026-07-28 19:26:13 [ERROR] [628394] [628469] [number_mapping.cpp:267] Unknown key: 65535, type: 0
2026-07-28 19:26:13 [ERROR] [628394] [628469] [number_mapping.cpp:267] Unknown key: 65535, type: 0
2026-07-28 19:26:13 [ERROR] [628394] [628469] [number_mapping.cpp:267] Unknown key: 65535, type: 0
2026-07-28 19:26:13 [ERROR] [628394] [628469] [number_mapping.cpp:267] Unknown key: 65535, type: 0
2026-07-28 19:26:13 [ERROR] [628394] [628469] [number_mapping.cpp:267] Unknown key: 65535, type: 0
2026-07-28 19:26:13 [ERROR] [628394] [628469] [number_mapping.cpp:267] Unknown key: 65535, type: 0
2026-07-28 19:26:13 [ERROR] [628394] [628469] [number_mapping.cpp:267] Unknown key: 65535, type: 0
2026-07-28 19:26:13 [ERROR] [628394] [628469] [number_mapping.cpp:267] Unknown key: 65535, type: 0
2026-07-28 19:26:13 [ERROR] [628394] [628469] [number_mapping.cpp:267] Unknown key: 65535, type: 0
2026-07-28 19:26:13 [ERROR] [628394] [628469] [number_mapping.cpp:267] Unknown key: 65535, type: 0
2026-07-28 19:26:13 [ERROR] [628394] [628469] [number_mapping.cpp:267] Unknown key: 65535, type: 0
2026-07-28 19:26:13 [ERROR] [628394] [628469] [number_mapping.cpp:267] Unknown key: 65535, type: 0
2026-07-28 19:26:13 [ERROR] [628394] [628469] [number_mapping.cpp:267] Unknown key: 65535, type: 0
2026-07-28 19:26:13 [ERROR] [628394] [628469] [number_mapping.cpp:267] Unknown key: 65535, type: 0
2026-07-28 19:26:13 [ERROR] [628394] [628469] [number_mapping.cpp:267] Unknown key: 65535, type: 0
2026-07-28 19:26:13 [ERROR] [628394] [628469] [number_mapping.cpp:267] Unknown key: 65535, type: 0
2026-07-28 19:26:13 [ERROR] [628394] [628469] [number_mapping.cpp:267] Unknown key: 65535, type: 0
2026-07-28 19:26:13 [ERROR] [628394] [628469] [number_mapping.cpp:267] Unknown key: 65535, type: 0
2026-07-28 19:26:13 [ERROR] [628394] [628469] [number_mapping.cpp:267] Unknown key: 65535, type: 0
2026-07-28 19:26:13 [INFO] [628394] [628470] [time_logger.h:35] DumpHcclTasks start end, cost time = 140 ms
2026-07-28 19:26:13 [ERROR] [628394] [628469] [number_mapping.cpp:267] Unknown key: 65535, type: 0
2026-07-28 19:26:13 [ERROR] [628394] [628469] [number_mapping.cpp:267] Unknown key: 65535, type: 0
2026-07-28 19:26:13 [ERROR] [628394] [628469] [number_mapping.cpp:267] Unknown key: 65535, type: 0
2026-07-28 19:26:13 [ERROR] [628394] [628469] [number_mapping.cpp:267] Unknown key: 65535, type: 0
2026-07-28 19:26:13 [ERROR] [628394] [628469] [number_mapping.cpp:267] Unknown key: 65535, type: 0
2026-07-28 19:26:13 [ERROR] [628394] [628469] [number_mapping.cpp:267] Unknown key: 65535, type: 0
2026-07-28 19:26:13 [ERROR] [628394] [628469] [number_mapping.cpp:267] Unknown key: 65535, type: 0
2026-07-28 19:26:13 [ERROR] [628394] [628469] [number_mapping.cpp:267] Unknown key: 65535, type: 0
2026-07-28 19:26:13 [ERROR] [628394] [628469] [number_mapping.cpp:267] Unknown key: 65535, type: 0
2026-07-28 19:26:13 [ERROR] [628394] [628469] [number_mapping.cpp:267] Unknown key: 65535, type: 0
2026-07-28 19:26:13 [ERROR] [628394] [628469] [number_mapping.cpp:267] Unknown key: 65535, type: 0
2026-07-28 19:26:13 [ERROR] [628394] [628469] [number_mapping.cpp:267] Unknown key: 65535, type: 0
2026-07-28 19:26:13 [ERROR] [628394] [628469] [number_mapping.cpp:267] Unknown key: 65535, type: 0
2026-07-28 19:26:13 [ERROR] [628394] [628469] [number_mapping.cpp:267] Unknown key: 65535, type: 0
2026-07-28 19:26:13 [ERROR] [628394] [628469] [number_mapping.cpp:267] Unknown key: 65535, type: 0
2026-07-28 19:26:13 [ERROR] [628394] [628469] [number_mapping.cpp:267] Unknown key: 65535, type: 0
2026-07-28 19:26:13 [ERROR] [628394] [628469] [number_mapping.cpp:267] Unknown key: 65535, type: 0
2026-07-28 19:26:13 [ERROR] [628394] [628469] [number_mapping.cpp:267] Unknown key: 65535, type: 0
2026-07-28 19:26:13 [ERROR] [628394] [628469] [number_mapping.cpp:267] Unknown key: 65535, type: 0
2026-07-28 19:26:13 [ERROR] [628394] [628469] [number_mapping.cpp:267] Unknown key: 65535, type: 0
2026-07-28 19:26:13 [ERROR] [628394] [628469] [number_mapping.cpp:267] Unknown key: 65535, type: 0
2026-07-28 19:26:13 [ERROR] [628394] [628469] [number_mapping.cpp:267] Unknown key: 65535, type: 0
2026-07-28 19:26:13 [ERROR] [628394] [628469] [number_mapping.cpp:267] Unknown key: 65535, type: 0
2026-07-28 19:26:13 [ERROR] [628394] [628469] [number_mapping.cpp:267] Unknown key: 65535, type: 0
2026-07-28 19:26:13 [ERROR] [628394] [628469] [number_mapping.cpp:267] Unknown key: 65535, type: 0
2026-07-28 19:26:13 [ERROR] [628394] [628469] [number_mapping.cpp:267] Unknown key: 65535, type: 0
2026-07-28 19:26:13 [ERROR] [628394] [628469] [number_mapping.cpp:267] Unknown key: 65535, type: 0
2026-07-28 19:26:13 [ERROR] [628394] [628469] [number_mapping.cpp:267] Unknown key: 65535, type: 0
2026-07-28 19:26:13 [ERROR] [628394] [628469] [number_mapping.cpp:267] Unknown key: 65535, type: 0
2026-07-28 19:26:13 [ERROR] [628394] [628469] [number_mapping.cpp:267] Unknown key: 65535, type: 0
2026-07-28 19:26:13 [ERROR] [628394] [628469] [number_mapping.cpp:267] Unknown key: 65535, type: 0
2026-07-28 19:26:13 [ERROR] [628394] [628469] [number_mapping.cpp:267] Unknown key: 65535, type: 0
2026-07-28 19:26:13 [ERROR] [628394] [628469] [number_mapping.cpp:267] Unknown key: 65535, type: 0
2026-07-28 19:26:13 [ERROR] [628394] [628469] [number_mapping.cpp:267] Unknown key: 65535, type: 0
2026-07-28 19:26:13 [ERROR] [628394] [628469] [number_mapping.cpp:267] Unknown key: 65535, type: 0
2026-07-28 19:26:13 [ERROR] [628394] [628469] [number_mapping.cpp:267] Unknown key: 65535, type: 0
2026-07-28 19:26:13 [ERROR] [628394] [628469] [number_mapping.cpp:267] Unknown key: 65535, type: 0
2026-07-28 19:26:13 [ERROR] [628394] [628469] [number_mapping.cpp:267] Unknown key: 65535, type: 0
2026-07-28 19:26:13 [ERROR] [628394] [628469] [number_mapping.cpp:267] Unknown key: 65535, type: 0
2026-07-28 19:26:13 [ERROR] [628394] [628469] [number_mapping.cpp:267] Unknown key: 65535, type: 0
2026-07-28 19:26:13 [ERROR] [628394] [628469] [number_mapping.cpp:267] Unknown key: 65535, type: 0
2026-07-28 19:26:13 [ERROR] [628394] [628469] [number_mapping.cpp:267] Unknown key: 65535, type: 0
2026-07-28 19:26:13 [ERROR] [628394] [628469] [number_mapping.cpp:267] Unknown key: 65535, type: 0
2026-07-28 19:26:13 [ERROR] [628394] [628469] [number_mapping.cpp:267] Unknown key: 65535, type: 0
2026-07-28 19:26:13 [ERROR] [628394] [628469] [number_mapping.cpp:267] Unknown key: 65535, type: 0
2026-07-28 19:26:13 [ERROR] [628394] [628469] [number_mapping.cpp:267] Unknown key: 65535, type: 0
2026-07-28 19:26:13 [ERROR] [628394] [628469] [number_mapping.cpp:267] Unknown key: 65535, type: 0
2026-07-28 19:26:13 [ERROR] [628394] [628469] [number_mapping.cpp:267] Unknown key: 65535, type: 0
2026-07-28 19:26:13 [ERROR] [628394] [628469] [number_mapping.cpp:267] Unknown key: 65535, type: 0
2026-07-28 19:26:13 [ERROR] [628394] [628469] [number_mapping.cpp:267] Unknown key: 65535, type: 0
2026-07-28 19:26:13 [ERROR] [628394] [628469] [number_mapping.cpp:267] Unknown key: 65535, type: 0
2026-07-28 19:26:13 [ERROR] [628394] [628469] [number_mapping.cpp:267] Unknown key: 65535, type: 0
2026-07-28 19:26:13 [ERROR] [628394] [628469] [number_mapping.cpp:267] Unknown key: 65535, type: 0
2026-07-28 19:26:13 [ERROR] [628394] [628469] [number_mapping.cpp:267] Unknown key: 65535, type: 0
2026-07-28 19:26:13 [ERROR] [628394] [628469] [number_mapping.cpp:267] Unknown key: 65535, type: 0
2026-07-28 19:26:13 [ERROR] [628394] [628469] [number_mapping.cpp:267] Unknown key: 65535, type: 0
2026-07-28 19:26:13 [ERROR] [628394] [628469] [number_mapping.cpp:267] Unknown key: 65535, type: 0
2026-07-28 19:26:13 [ERROR] [628394] [628469] [number_mapping.cpp:267] Unknown key: 65535, type: 0
2026-07-28 19:26:13 [ERROR] [628394] [628469] [number_mapping.cpp:267] Unknown key: 65535, type: 0
2026-07-28 19:26:13 [ERROR] [628394] [628469] [number_mapping.cpp:267] Unknown key: 65535, type: 0
2026-07-28 19:26:13 [ERROR] [628394] [628469] [number_mapping.cpp:267] Unknown key: 65535, type: 0
2026-07-28 19:26:13 [ERROR] [628394] [628469] [number_mapping.cpp:267] Unknown key: 65535, type: 0
2026-07-28 19:26:13 [ERROR] [628394] [628469] [number_mapping.cpp:267] Unknown key: 65535, type: 0
2026-07-28 19:26:13 [ERROR] [628394] [628469] [number_mapping.cpp:267] Unknown key: 65535, type: 0
2026-07-28 19:26:13 [ERROR] [628394] [628469] [number_mapping.cpp:267] Unknown key: 65535, type: 0
2026-07-28 19:26:13 [ERROR] [628394] [628469] [number_mapping.cpp:267] Unknown key: 65535, type: 0
2026-07-28 19:26:13 [ERROR] [628394] [628469] [number_mapping.cpp:267] Unknown key: 65535, type: 0
2026-07-28 19:26:13 [ERROR] [628394] [628469] [number_mapping.cpp:267] Unknown key: 65535, type: 0
2026-07-28 19:26:13 [ERROR] [628394] [628469] [number_mapping.cpp:267] Unknown key: 65535, type: 0
2026-07-28 19:26:13 [ERROR] [628394] [628469] [number_mapping.cpp:267] Unknown key: 65535, type: 0
2026-07-28 19:26:13 [ERROR] [628394] [628469] [number_mapping.cpp:267] Unknown key: 65535, type: 0
2026-07-28 19:26:13 [ERROR] [628394] [628469] [number_mapping.cpp:267] Unknown key: 65535, type: 0
2026-07-28 19:26:13 [ERROR] [628394] [628469] [number_mapping.cpp:267] Unknown key: 65535, type: 0
2026-07-28 19:26:13 [ERROR] [628394] [628469] [number_mapping.cpp:267] Unknown key: 65535, type: 0
2026-07-28 19:26:13 [ERROR] [628394] [628469] [number_mapping.cpp:267] Unknown key: 65535, type: 0
2026-07-28 19:26:13 [ERROR] [628394] [628469] [number_mapping.cpp:267] Unknown key: 65535, type: 0
2026-07-28 19:26:13 [ERROR] [628394] [628469] [number_mapping.cpp:267] Unknown key: 65535, type: 0
2026-07-28 19:26:13 [ERROR] [628394] [628469] [number_mapping.cpp:267] Unknown key: 65535, type: 0
2026-07-28 19:26:13 [ERROR] [628394] [628469] [number_mapping.cpp:267] Unknown key: 65535, type: 0
2026-07-28 19:26:13 [ERROR] [628394] [628469] [number_mapping.cpp:267] Unknown key: 65535, type: 0
2026-07-28 19:26:13 [ERROR] [628394] [628469] [number_mapping.cpp:267] Unknown key: 65535, type: 0
2026-07-28 19:26:13 [ERROR] [628394] [628469] [number_mapping.cpp:267] Unknown key: 65535, type: 0
2026-07-28 19:26:13 [ERROR] [628394] [628469] [number_mapping.cpp:267] Unknown key: 65535, type: 0
2026-07-28 19:26:13 [ERROR] [628394] [628469] [number_mapping.cpp:267] Unknown key: 65535, type: 0
2026-07-28 19:26:13 [ERROR] [628394] [628469] [number_mapping.cpp:267] Unknown key: 65535, type: 0
2026-07-28 19:26:13 [ERROR] [628394] [628469] [number_mapping.cpp:267] Unknown key: 65535, type: 0
2026-07-28 19:26:13 [ERROR] [628394] [628469] [number_mapping.cpp:267] Unknown key: 65535, type: 0
2026-07-28 19:26:13 [ERROR] [628394] [628469] [number_mapping.cpp:267] Unknown key: 65535, type: 0
2026-07-28 19:26:13 [ERROR] [628394] [628469] [number_mapping.cpp:267] Unknown key: 65535, type: 0
2026-07-28 19:26:13 [ERROR] [628394] [628469] [number_mapping.cpp:267] Unknown key: 65535, type: 0
2026-07-28 19:26:13 [ERROR] [628394] [628469] [number_mapping.cpp:267] Unknown key: 65535, type: 0
2026-07-28 19:26:13 [ERROR] [628394] [628469] [number_mapping.cpp:267] Unknown key: 65535, type: 0
2026-07-28 19:26:13 [ERROR] [628394] [628469] [number_mapping.cpp:267] Unknown key: 65535, type: 0
2026-07-28 19:26:13 [ERROR] [628394] [628469] [number_mapping.cpp:267] Unknown key: 65535, type: 0
2026-07-28 19:26:13 [ERROR] [628394] [628469] [number_mapping.cpp:267] Unknown key: 65535, type: 0
2026-07-28 19:26:13 [ERROR] [628394] [628469] [number_mapping.cpp:267] Unknown key: 65535, type: 0
2026-07-28 19:26:13 [ERROR] [628394] [628469] [number_mapping.cpp:267] Unknown key: 65535, type: 0
2026-07-28 19:26:13 [ERROR] [628394] [628469] [number_mapping.cpp:267] Unknown key: 65535, type: 0
2026-07-28 19:26:13 [ERROR] [628394] [628469] [number_mapping.cpp:267] Unknown key: 65535, type: 0
2026-07-28 19:26:13 [ERROR] [628394] [628469] [number_mapping.cpp:267] Unknown key: 65535, type: 0
2026-07-28 19:26:13 [ERROR] [628394] [628469] [number_mapping.cpp:267] Unknown key: 65535, type: 0
2026-07-28 19:26:13 [ERROR] [628394] [628469] [number_mapping.cpp:267] Unknown key: 65535, type: 0
2026-07-28 19:26:13 [ERROR] [628394] [628469] [number_mapping.cpp:267] Unknown key: 65535, type: 0
2026-07-28 19:26:13 [ERROR] [628394] [628469] [number_mapping.cpp:267] Unknown key: 65535, type: 0
2026-07-28 19:26:13 [ERROR] [628394] [628469] [number_mapping.cpp:267] Unknown key: 65535, type: 0
2026-07-28 19:26:13 [ERROR] [628394] [628469] [number_mapping.cpp:267] Unknown key: 65535, type: 0
2026-07-28 19:26:13 [ERROR] [628394] [628469] [number_mapping.cpp:267] Unknown key: 65535, type: 0
2026-07-28 19:26:13 [ERROR] [628394] [628469] [number_mapping.cpp:267] Unknown key: 65535, type: 0
2026-07-28 19:26:13 [ERROR] [628394] [628469] [number_mapping.cpp:267] Unknown key: 65535, type: 0
2026-07-28 19:26:13 [ERROR] [628394] [628469] [number_mapping.cpp:267] Unknown key: 65535, type: 0
2026-07-28 19:26:13 [ERROR] [628394] [628469] [number_mapping.cpp:267] Unknown key: 65535, type: 0
2026-07-28 19:26:13 [ERROR] [628394] [628469] [number_mapping.cpp:267] Unknown key: 65535, type: 0
2026-07-28 19:26:13 [ERROR] [628394] [628469] [number_mapping.cpp:267] Unknown key: 65535, type: 0
2026-07-28 19:26:13 [ERROR] [628394] [628469] [number_mapping.cpp:267] Unknown key: 65535, type: 0
2026-07-28 19:26:13 [ERROR] [628394] [628469] [number_mapping.cpp:267] Unknown key: 65535, type: 0
2026-07-28 19:26:13 [ERROR] [628394] [628469] [number_mapping.cpp:267] Unknown key: 65535, type: 0
2026-07-28 19:26:13 [ERROR] [628394] [628469] [number_mapping.cpp:267] Unknown key: 65535, type: 0
2026-07-28 19:26:13 [ERROR] [628394] [628469] [number_mapping.cpp:267] Unknown key: 65535, type: 0
2026-07-28 19:26:13 [ERROR] [628394] [628469] [number_mapping.cpp:267] Unknown key: 65535, type: 0
2026-07-28 19:26:13 [ERROR] [628394] [628469] [number_mapping.cpp:267] Unknown key: 65535, type: 0
2026-07-28 19:26:13 [ERROR] [628394] [628469] [number_mapping.cpp:267] Unknown key: 65535, type: 0
2026-07-28 19:26:13 [ERROR] [628394] [628469] [number_mapping.cpp:267] Unknown key: 65535, type: 0
2026-07-28 19:26:13 [ERROR] [628394] [628469] [number_mapping.cpp:267] Unknown key: 65535, type: 0
2026-07-28 19:26:13 [ERROR] [628394] [628469] [number_mapping.cpp:267] Unknown key: 65535, type: 0
2026-07-28 19:26:13 [ERROR] [628394] [628469] [number_mapping.cpp:267] Unknown key: 65535, type: 0
2026-07-28 19:26:13 [ERROR] [628394] [628469] [number_mapping.cpp:267] Unknown key: 65535, type: 0
2026-07-28 19:26:13 [ERROR] [628394] [628469] [number_mapping.cpp:267] Unknown key: 65535, type: 0
2026-07-28 19:26:13 [ERROR] [628394] [628469] [number_mapping.cpp:267] Unknown key: 65535, type: 0
2026-07-28 19:26:13 [ERROR] [628394] [628469] [number_mapping.cpp:267] Unknown key: 65535, type: 0
2026-07-28 19:26:13 [ERROR] [628394] [628469] [number_mapping.cpp:267] Unknown key: 65535, type: 0
2026-07-28 19:26:13 [ERROR] [628394] [628469] [number_mapping.cpp:267] Unknown key: 65535, type: 0
2026-07-28 19:26:13 [ERROR] [628394] [628469] [number_mapping.cpp:267] Unknown key: 65535, type: 0
2026-07-28 19:26:13 [ERROR] [628394] [628469] [number_mapping.cpp:267] Unknown key: 65535, type: 0
2026-07-28 19:26:13 [ERROR] [628394] [628469] [number_mapping.cpp:267] Unknown key: 65535, type: 0
2026-07-28 19:26:13 [ERROR] [628394] [628469] [number_mapping.cpp:267] Unknown key: 65535, type: 0
2026-07-28 19:26:13 [ERROR] [628394] [628469] [number_mapping.cpp:267] Unknown key: 65535, type: 0
2026-07-28 19:26:13 [ERROR] [628394] [628469] [number_mapping.cpp:267] Unknown key: 65535, type: 0
2026-07-28 19:26:13 [ERROR] [628394] [628469] [number_mapping.cpp:267] Unknown key: 65535, type: 0
2026-07-28 19:26:13 [ERROR] [628394] [628469] [number_mapping.cpp:267] Unknown key: 65535, type: 0
2026-07-28 19:26:13 [ERROR] [628394] [628469] [number_mapping.cpp:267] Unknown key: 65535, type: 0
2026-07-28 19:26:13 [ERROR] [628394] [628469] [number_mapping.cpp:267] Unknown key: 65535, type: 0
2026-07-28 19:26:13 [ERROR] [628394] [628469] [number_mapping.cpp:267] Unknown key: 65535, type: 0
2026-07-28 19:26:13 [ERROR] [628394] [628469] [number_mapping.cpp:267] Unknown key: 65535, type: 0
2026-07-28 19:26:13 [ERROR] [628394] [628469] [number_mapping.cpp:267] Unknown key: 65535, type: 0
2026-07-28 19:26:13 [ERROR] [628394] [628469] [number_mapping.cpp:267] Unknown key: 65535, type: 0
2026-07-28 19:26:13 [ERROR] [628394] [628469] [number_mapping.cpp:267] Unknown key: 65535, type: 0
2026-07-28 19:26:13 [ERROR] [628394] [628469] [number_mapping.cpp:267] Unknown key: 65535, type: 0
2026-07-28 19:26:13 [ERROR] [628394] [628469] [number_mapping.cpp:267] Unknown key: 65535, type: 0
2026-07-28 19:26:13 [ERROR] [628394] [628469] [number_mapping.cpp:267] Unknown key: 65535, type: 0
2026-07-28 19:26:13 [ERROR] [628394] [628469] [number_mapping.cpp:267] Unknown key: 65535, type: 0
2026-07-28 19:26:13 [ERROR] [628394] [628469] [number_mapping.cpp:267] Unknown key: 65535, type: 0
2026-07-28 19:26:13 [ERROR] [628394] [628469] [number_mapping.cpp:267] Unknown key: 65535, type: 0
2026-07-28 19:26:13 [ERROR] [628394] [628469] [number_mapping.cpp:267] Unknown key: 65535, type: 0
2026-07-28 19:26:13 [ERROR] [628394] [628469] [number_mapping.cpp:267] Unknown key: 65535, type: 0
2026-07-28 19:26:13 [ERROR] [628394] [628469] [number_mapping.cpp:267] Unknown key: 65535, type: 0
2026-07-28 19:26:13 [ERROR] [628394] [628469] [number_mapping.cpp:267] Unknown key: 65535, type: 0
2026-07-28 19:26:13 [ERROR] [628394] [628469] [number_mapping.cpp:267] Unknown key: 65535, type: 0
2026-07-28 19:26:13 [ERROR] [628394] [628469] [number_mapping.cpp:267] Unknown key: 65535, type: 0
2026-07-28 19:26:13 [ERROR] [628394] [628469] [number_mapping.cpp:267] Unknown key: 65535, type: 0
2026-07-28 19:26:13 [ERROR] [628394] [628469] [number_mapping.cpp:267] Unknown key: 65535, type: 0
2026-07-28 19:26:13 [ERROR] [628394] [628469] [number_mapping.cpp:267] Unknown key: 65535, type: 0
2026-07-28 19:26:13 [ERROR] [628394] [628469] [number_mapping.cpp:267] Unknown key: 65535, type: 0
2026-07-28 19:26:13 [ERROR] [628394] [628469] [number_mapping.cpp:267] Unknown key: 65535, type: 0
2026-07-28 19:26:13 [ERROR] [628394] [628469] [number_mapping.cpp:267] Unknown key: 65535, type: 0
2026-07-28 19:26:13 [ERROR] [628394] [628469] [number_mapping.cpp:267] Unknown key: 65535, type: 0
2026-07-28 19:26:13 [ERROR] [628394] [628469] [number_mapping.cpp:267] Unknown key: 65535, type: 0
2026-07-28 19:26:13 [ERROR] [628394] [628469] [number_mapping.cpp:267] Unknown key: 65535, type: 0
2026-07-28 19:26:13 [ERROR] [628394] [628469] [number_mapping.cpp:267] Unknown key: 65535, type: 0
2026-07-28 19:26:13 [ERROR] [628394] [628469] [number_mapping.cpp:267] Unknown key: 65535, type: 0
2026-07-28 19:26:13 [ERROR] [628394] [628469] [number_mapping.cpp:267] Unknown key: 65535, type: 0
2026-07-28 19:26:13 [ERROR] [628394] [628469] [number_mapping.cpp:267] Unknown key: 65535, type: 0
2026-07-28 19:26:13 [ERROR] [628394] [628469] [number_mapping.cpp:267] Unknown key: 65535, type: 0
2026-07-28 19:26:13 [ERROR] [628394] [628469] [number_mapping.cpp:267] Unknown key: 65535, type: 0
2026-07-28 19:26:13 [ERROR] [628394] [628469] [number_mapping.cpp:267] Unknown key: 65535, type: 0
2026-07-28 19:26:13 [ERROR] [628394] [628469] [number_mapping.cpp:267] Unknown key: 65535, type: 0
2026-07-28 19:26:13 [ERROR] [628394] [628469] [number_mapping.cpp:267] Unknown key: 65535, type: 0
2026-07-28 19:26:13 [ERROR] [628394] [628469] [number_mapping.cpp:267] Unknown key: 65535, type: 0
2026-07-28 19:26:13 [ERROR] [628394] [628469] [number_mapping.cpp:267] Unknown key: 65535, type: 0
2026-07-28 19:26:13 [ERROR] [628394] [628469] [number_mapping.cpp:267] Unknown key: 65535, type: 0
2026-07-28 19:26:13 [ERROR] [628394] [628469] [number_mapping.cpp:267] Unknown key: 65535, type: 0
2026-07-28 19:26:13 [ERROR] [628394] [628469] [number_mapping.cpp:267] Unknown key: 65535, type: 0
2026-07-28 19:26:13 [ERROR] [628394] [628469] [number_mapping.cpp:267] Unknown key: 65535, type: 0
2026-07-28 19:26:13 [ERROR] [628394] [628469] [number_mapping.cpp:267] Unknown key: 65535, type: 0
2026-07-28 19:26:13 [ERROR] [628394] [628469] [number_mapping.cpp:267] Unknown key: 65535, type: 0
2026-07-28 19:26:13 [ERROR] [628394] [628469] [number_mapping.cpp:267] Unknown key: 65535, type: 0
2026-07-28 19:26:13 [ERROR] [628394] [628469] [number_mapping.cpp:267] Unknown key: 65535, type: 0
2026-07-28 19:26:13 [ERROR] [628394] [628469] [number_mapping.cpp:267] Unknown key: 65535, type: 0
2026-07-28 19:26:13 [ERROR] [628394] [628469] [number_mapping.cpp:267] Unknown key: 65535, type: 0
2026-07-28 19:26:13 [ERROR] [628394] [628469] [number_mapping.cpp:267] Unknown key: 65535, type: 0
2026-07-28 19:26:13 [ERROR] [628394] [628469] [number_mapping.cpp:267] Unknown key: 65535, type: 0
2026-07-28 19:26:13 [ERROR] [628394] [628469] [number_mapping.cpp:267] Unknown key: 65535, type: 0
2026-07-28 19:26:13 [ERROR] [628394] [628469] [number_mapping.cpp:267] Unknown key: 65535, type: 0
2026-07-28 19:26:13 [ERROR] [628394] [628469] [number_mapping.cpp:267] Unknown key: 65535, type: 0
2026-07-28 19:26:13 [ERROR] [628394] [628469] [number_mapping.cpp:267] Unknown key: 65535, type: 0
2026-07-28 19:26:13 [ERROR] [628394] [628469] [number_mapping.cpp:267] Unknown key: 65535, type: 0
2026-07-28 19:26:13 [ERROR] [628394] [628469] [number_mapping.cpp:267] Unknown key: 65535, type: 0
2026-07-28 19:26:13 [ERROR] [628394] [628469] [number_mapping.cpp:267] Unknown key: 65535, type: 0
2026-07-28 19:26:13 [ERROR] [628394] [628469] [number_mapping.cpp:267] Unknown key: 65535, type: 0
2026-07-28 19:26:13 [ERROR] [628394] [628469] [number_mapping.cpp:267] Unknown key: 65535, type: 0
2026-07-28 19:26:13 [ERROR] [628394] [628469] [number_mapping.cpp:267] Unknown key: 65535, type: 0
2026-07-28 19:26:13 [ERROR] [628394] [628469] [number_mapping.cpp:267] Unknown key: 65535, type: 0
2026-07-28 19:26:13 [ERROR] [628394] [628469] [number_mapping.cpp:267] Unknown key: 65535, type: 0
2026-07-28 19:26:13 [ERROR] [628394] [628469] [number_mapping.cpp:267] Unknown key: 65535, type: 0
2026-07-28 19:26:13 [ERROR] [628394] [628469] [number_mapping.cpp:267] Unknown key: 65535, type: 0
2026-07-28 19:26:13 [ERROR] [628394] [628469] [number_mapping.cpp:267] Unknown key: 65535, type: 0
2026-07-28 19:26:13 [ERROR] [628394] [628469] [number_mapping.cpp:267] Unknown key: 65535, type: 0
2026-07-28 19:26:13 [ERROR] [628394] [628469] [number_mapping.cpp:267] Unknown key: 65535, type: 0
2026-07-28 19:26:13 [ERROR] [628394] [628469] [number_mapping.cpp:267] Unknown key: 65535, type: 0
2026-07-28 19:26:13 [ERROR] [628394] [628469] [number_mapping.cpp:267] Unknown key: 65535, type: 0
2026-07-28 19:26:13 [ERROR] [628394] [628469] [number_mapping.cpp:267] Unknown key: 65535, type: 0
2026-07-28 19:26:13 [ERROR] [628394] [628469] [number_mapping.cpp:267] Unknown key: 65535, type: 0
2026-07-28 19:26:13 [ERROR] [628394] [628469] [number_mapping.cpp:267] Unknown key: 65535, type: 0
2026-07-28 19:26:13 [ERROR] [628394] [628469] [number_mapping.cpp:267] Unknown key: 65535, type: 0
2026-07-28 19:26:13 [ERROR] [628394] [628469] [number_mapping.cpp:267] Unknown key: 65535, type: 0
2026-07-28 19:26:13 [ERROR] [628394] [628469] [number_mapping.cpp:267] Unknown key: 65535, type: 0
2026-07-28 19:26:13 [ERROR] [628394] [628469] [number_mapping.cpp:267] Unknown key: 65535, type: 0
2026-07-28 19:26:13 [ERROR] [628394] [628469] [number_mapping.cpp:267] Unknown key: 65535, type: 0
2026-07-28 19:26:13 [ERROR] [628394] [628469] [number_mapping.cpp:267] Unknown key: 65535, type: 0
2026-07-28 19:26:13 [ERROR] [628394] [628469] [number_mapping.cpp:267] Unknown key: 65535, type: 0
2026-07-28 19:26:13 [ERROR] [628394] [628469] [number_mapping.cpp:267] Unknown key: 65535, type: 0
2026-07-28 19:26:13 [ERROR] [628394] [628469] [number_mapping.cpp:267] Unknown key: 65535, type: 0
2026-07-28 19:26:13 [ERROR] [628394] [628469] [number_mapping.cpp:267] Unknown key: 65535, type: 0
2026-07-28 19:26:13 [ERROR] [628394] [628469] [number_mapping.cpp:267] Unknown key: 65535, type: 0
2026-07-28 19:26:13 [ERROR] [628394] [628469] [number_mapping.cpp:267] Unknown key: 65535, type: 0
2026-07-28 19:26:13 [ERROR] [628394] [628469] [number_mapping.cpp:267] Unknown key: 65535, type: 0
2026-07-28 19:26:13 [ERROR] [628394] [628469] [number_mapping.cpp:267] Unknown key: 65535, type: 0
2026-07-28 19:26:13 [ERROR] [628394] [628469] [number_mapping.cpp:267] Unknown key: 65535, type: 0
2026-07-28 19:26:13 [ERROR] [628394] [628469] [number_mapping.cpp:267] Unknown key: 65535, type: 0
2026-07-28 19:26:13 [ERROR] [628394] [628469] [number_mapping.cpp:267] Unknown key: 65535, type: 0
2026-07-28 19:26:13 [ERROR] [628394] [628469] [number_mapping.cpp:267] Unknown key: 65535, type: 0
2026-07-28 19:26:13 [ERROR] [628394] [628469] [number_mapping.cpp:267] Unknown key: 65535, type: 0
2026-07-28 19:26:13 [ERROR] [628394] [628469] [number_mapping.cpp:267] Unknown key: 65535, type: 0
2026-07-28 19:26:13 [ERROR] [628394] [628469] [number_mapping.cpp:267] Unknown key: 65535, type: 0
2026-07-28 19:26:13 [ERROR] [628394] [628469] [number_mapping.cpp:267] Unknown key: 65535, type: 0
2026-07-28 19:26:13 [ERROR] [628394] [628469] [number_mapping.cpp:267] Unknown key: 65535, type: 0
2026-07-28 19:26:13 [ERROR] [628394] [628469] [number_mapping.cpp:267] Unknown key: 65535, type: 0
2026-07-28 19:26:13 [ERROR] [628394] [628469] [number_mapping.cpp:267] Unknown key: 65535, type: 0
2026-07-28 19:26:13 [ERROR] [628394] [628469] [number_mapping.cpp:267] Unknown key: 65535, type: 0
2026-07-28 19:26:13 [ERROR] [628394] [628469] [number_mapping.cpp:267] Unknown key: 65535, type: 0
2026-07-28 19:26:13 [ERROR] [628394] [628469] [number_mapping.cpp:267] Unknown key: 65535, type: 0
2026-07-28 19:26:13 [ERROR] [628394] [628469] [number_mapping.cpp:267] Unknown key: 65535, type: 0
2026-07-28 19:26:13 [ERROR] [628394] [628469] [number_mapping.cpp:267] Unknown key: 65535, type: 0
2026-07-28 19:26:13 [ERROR] [628394] [628469] [number_mapping.cpp:267] Unknown key: 65535, type: 0
2026-07-28 19:26:13 [ERROR] [628394] [628469] [number_mapping.cpp:267] Unknown key: 65535, type: 0
2026-07-28 19:26:13 [ERROR] [628394] [628469] [number_mapping.cpp:267] Unknown key: 65535, type: 0
2026-07-28 19:26:13 [ERROR] [628394] [628469] [number_mapping.cpp:267] Unknown key: 65535, type: 0
2026-07-28 19:26:13 [ERROR] [628394] [628469] [number_mapping.cpp:267] Unknown key: 65535, type: 0
2026-07-28 19:26:13 [ERROR] [628394] [628469] [number_mapping.cpp:267] Unknown key: 65535, type: 0
2026-07-28 19:26:13 [ERROR] [628394] [628469] [number_mapping.cpp:267] Unknown key: 65535, type: 0
2026-07-28 19:26:13 [ERROR] [628394] [628469] [number_mapping.cpp:267] Unknown key: 65535, type: 0
2026-07-28 19:26:13 [ERROR] [628394] [628469] [number_mapping.cpp:267] Unknown key: 65535, type: 0
2026-07-28 19:26:13 [ERROR] [628394] [628469] [number_mapping.cpp:267] Unknown key: 65535, type: 0
2026-07-28 19:26:13 [ERROR] [628394] [628469] [number_mapping.cpp:267] Unknown key: 65535, type: 0
2026-07-28 19:26:13 [ERROR] [628394] [628469] [number_mapping.cpp:267] Unknown key: 65535, type: 0
2026-07-28 19:26:13 [ERROR] [628394] [628469] [number_mapping.cpp:267] Unknown key: 65535, type: 0
2026-07-28 19:26:13 [ERROR] [628394] [628469] [number_mapping.cpp:267] Unknown key: 65535, type: 0
2026-07-28 19:26:13 [ERROR] [628394] [628469] [number_mapping.cpp:267] Unknown key: 65535, type: 0
2026-07-28 19:26:13 [ERROR] [628394] [628469] [number_mapping.cpp:267] Unknown key: 65535, type: 0
2026-07-28 19:26:13 [ERROR] [628394] [628469] [number_mapping.cpp:267] Unknown key: 65535, type: 0
2026-07-28 19:26:13 [ERROR] [628394] [628469] [number_mapping.cpp:267] Unknown key: 65535, type: 0
2026-07-28 19:26:13 [ERROR] [628394] [628469] [number_mapping.cpp:267] Unknown key: 65535, type: 0
2026-07-28 19:26:13 [ERROR] [628394] [628469] [number_mapping.cpp:267] Unknown key: 65535, type: 0
2026-07-28 19:26:13 [ERROR] [628394] [628469] [number_mapping.cpp:267] Unknown key: 65535, type: 0
2026-07-28 19:26:13 [ERROR] [628394] [628469] [number_mapping.cpp:267] Unknown key: 65535, type: 0
2026-07-28 19:26:13 [ERROR] [628394] [628469] [number_mapping.cpp:267] Unknown key: 65535, type: 0
2026-07-28 19:26:13 [ERROR] [628394] [628469] [number_mapping.cpp:267] Unknown key: 65535, type: 0
2026-07-28 19:26:13 [ERROR] [628394] [628469] [number_mapping.cpp:267] Unknown key: 65535, type: 0
2026-07-28 19:26:13 [ERROR] [628394] [628469] [number_mapping.cpp:267] Unknown key: 65535, type: 0
2026-07-28 19:26:13 [ERROR] [628394] [628469] [number_mapping.cpp:267] Unknown key: 65535, type: 0
2026-07-28 19:26:13 [ERROR] [628394] [628469] [number_mapping.cpp:267] Unknown key: 65535, type: 0
2026-07-28 19:26:13 [ERROR] [628394] [628469] [number_mapping.cpp:267] Unknown key: 65535, type: 0
2026-07-28 19:26:13 [ERROR] [628394] [628469] [number_mapping.cpp:267] Unknown key: 65535, type: 0
2026-07-28 19:26:13 [ERROR] [628394] [628469] [number_mapping.cpp:267] Unknown key: 65535, type: 0
2026-07-28 19:26:13 [ERROR] [628394] [628469] [number_mapping.cpp:267] Unknown key: 65535, type: 0
2026-07-28 19:26:13 [ERROR] [628394] [628469] [number_mapping.cpp:267] Unknown key: 65535, type: 0
2026-07-28 19:26:13 [ERROR] [628394] [628469] [number_mapping.cpp:267] Unknown key: 65535, type: 0
2026-07-28 19:26:13 [ERROR] [628394] [628469] [number_mapping.cpp:267] Unknown key: 65535, type: 0
2026-07-28 19:26:13 [ERROR] [628394] [628469] [number_mapping.cpp:267] Unknown key: 65535, type: 0
2026-07-28 19:26:13 [ERROR] [628394] [628469] [number_mapping.cpp:267] Unknown key: 65535, type: 0
2026-07-28 19:26:13 [ERROR] [628394] [628469] [number_mapping.cpp:267] Unknown key: 65535, type: 0
2026-07-28 19:26:13 [ERROR] [628394] [628469] [number_mapping.cpp:267] Unknown key: 65535, type: 0
2026-07-28 19:26:13 [ERROR] [628394] [628469] [number_mapping.cpp:267] Unknown key: 65535, type: 0
2026-07-28 19:26:13 [ERROR] [628394] [628469] [number_mapping.cpp:267] Unknown key: 65535, type: 0
2026-07-28 19:26:13 [ERROR] [628394] [628469] [number_mapping.cpp:267] Unknown key: 65535, type: 0
2026-07-28 19:26:13 [ERROR] [628394] [628469] [number_mapping.cpp:267] Unknown key: 65535, type: 0
2026-07-28 19:26:13 [ERROR] [628394] [628469] [number_mapping.cpp:267] Unknown key: 65535, type: 0
2026-07-28 19:26:13 [ERROR] [628394] [628469] [number_mapping.cpp:267] Unknown key: 65535, type: 0
2026-07-28 19:26:13 [ERROR] [628394] [628469] [number_mapping.cpp:267] Unknown key: 65535, type: 0
2026-07-28 19:26:13 [ERROR] [628394] [628469] [number_mapping.cpp:267] Unknown key: 65535, type: 0
2026-07-28 19:26:13 [ERROR] [628394] [628469] [number_mapping.cpp:267] Unknown key: 65535, type: 0
2026-07-28 19:26:13 [ERROR] [628394] [628469] [number_mapping.cpp:267] Unknown key: 65535, type: 0
2026-07-28 19:26:13 [ERROR] [628394] [628469] [number_mapping.cpp:267] Unknown key: 65535, type: 0
2026-07-28 19:26:13 [ERROR] [628394] [628469] [number_mapping.cpp:267] Unknown key: 65535, type: 0
2026-07-28 19:26:13 [ERROR] [628394] [628469] [number_mapping.cpp:267] Unknown key: 65535, type: 0
2026-07-28 19:26:13 [ERROR] [628394] [628469] [number_mapping.cpp:267] Unknown key: 65535, type: 0
2026-07-28 19:26:13 [ERROR] [628394] [628469] [number_mapping.cpp:267] Unknown key: 65535, type: 0
2026-07-28 19:26:13 [ERROR] [628394] [628469] [number_mapping.cpp:267] Unknown key: 65535, type: 0
2026-07-28 19:26:13 [ERROR] [628394] [628469] [number_mapping.cpp:267] Unknown key: 65535, type: 0
2026-07-28 19:26:13 [ERROR] [628394] [628469] [number_mapping.cpp:267] Unknown key: 65535, type: 0
2026-07-28 19:26:13 [ERROR] [628394] [628469] [number_mapping.cpp:267] Unknown key: 65535, type: 0
2026-07-28 19:26:13 [ERROR] [628394] [628469] [number_mapping.cpp:267] Unknown key: 65535, type: 0
2026-07-28 19:26:13 [ERROR] [628394] [628469] [number_mapping.cpp:267] Unknown key: 65535, type: 0
2026-07-28 19:26:13 [ERROR] [628394] [628469] [number_mapping.cpp:267] Unknown key: 65535, type: 0
2026-07-28 19:26:13 [ERROR] [628394] [628469] [number_mapping.cpp:267] Unknown key: 65535, type: 0
2026-07-28 19:26:13 [ERROR] [628394] [628469] [number_mapping.cpp:267] Unknown key: 65535, type: 0
2026-07-28 19:26:13 [ERROR] [628394] [628469] [number_mapping.cpp:267] Unknown key: 65535, type: 0
2026-07-28 19:26:13 [ERROR] [628394] [628469] [number_mapping.cpp:267] Unknown key: 65535, type: 0
2026-07-28 19:26:13 [ERROR] [628394] [628469] [number_mapping.cpp:267] Unknown key: 65535, type: 0
2026-07-28 19:26:13 [ERROR] [628394] [628469] [number_mapping.cpp:267] Unknown key: 65535, type: 0
2026-07-28 19:26:13 [ERROR] [628394] [628469] [number_mapping.cpp:267] Unknown key: 65535, type: 0
2026-07-28 19:26:13 [ERROR] [628394] [628469] [number_mapping.cpp:267] Unknown key: 65535, type: 0
2026-07-28 19:26:13 [ERROR] [628394] [628469] [number_mapping.cpp:267] Unknown key: 65535, type: 0
2026-07-28 19:26:13 [ERROR] [628394] [628469] [number_mapping.cpp:267] Unknown key: 65535, type: 0
2026-07-28 19:26:13 [ERROR] [628394] [628469] [number_mapping.cpp:267] Unknown key: 65535, type: 0
2026-07-28 19:26:13 [ERROR] [628394] [628469] [number_mapping.cpp:267] Unknown key: 65535, type: 0
2026-07-28 19:26:13 [ERROR] [628394] [628469] [number_mapping.cpp:267] Unknown key: 65535, type: 0
2026-07-28 19:26:13 [ERROR] [628394] [628469] [number_mapping.cpp:267] Unknown key: 65535, type: 0
2026-07-28 19:26:13 [ERROR] [628394] [628469] [number_mapping.cpp:267] Unknown key: 65535, type: 0
2026-07-28 19:26:13 [ERROR] [628394] [628469] [number_mapping.cpp:267] Unknown key: 65535, type: 0
2026-07-28 19:26:13 [ERROR] [628394] [628469] [number_mapping.cpp:267] Unknown key: 65535, type: 0
2026-07-28 19:26:13 [ERROR] [628394] [628469] [number_mapping.cpp:267] Unknown key: 65535, type: 0
2026-07-28 19:26:13 [ERROR] [628394] [628469] [number_mapping.cpp:267] Unknown key: 65535, type: 0
2026-07-28 19:26:13 [ERROR] [628394] [628469] [number_mapping.cpp:267] Unknown key: 65535, type: 0
2026-07-28 19:26:13 [ERROR] [628394] [628469] [number_mapping.cpp:267] Unknown key: 65535, type: 0
2026-07-28 19:26:13 [ERROR] [628394] [628469] [number_mapping.cpp:267] Unknown key: 65535, type: 0
2026-07-28 19:26:13 [ERROR] [628394] [628469] [number_mapping.cpp:267] Unknown key: 65535, type: 0
2026-07-28 19:26:13 [ERROR] [628394] [628469] [number_mapping.cpp:267] Unknown key: 65535, type: 0
2026-07-28 19:26:13 [ERROR] [628394] [628469] [number_mapping.cpp:267] Unknown key: 65535, type: 0
2026-07-28 19:26:13 [ERROR] [628394] [628469] [number_mapping.cpp:267] Unknown key: 65535, type: 0
2026-07-28 19:26:13 [ERROR] [628394] [628469] [number_mapping.cpp:267] Unknown key: 65535, type: 0
2026-07-28 19:26:13 [ERROR] [628394] [628469] [number_mapping.cpp:267] Unknown key: 65535, type: 0
2026-07-28 19:26:13 [ERROR] [628394] [628469] [number_mapping.cpp:267] Unknown key: 65535, type: 0
2026-07-28 19:26:13 [ERROR] [628394] [628469] [number_mapping.cpp:267] Unknown key: 65535, type: 0
2026-07-28 19:26:13 [ERROR] [628394] [628469] [number_mapping.cpp:267] Unknown key: 65535, type: 0
2026-07-28 19:26:13 [ERROR] [628394] [628469] [number_mapping.cpp:267] Unknown key: 65535, type: 0
2026-07-28 19:26:13 [ERROR] [628394] [628469] [number_mapping.cpp:267] Unknown key: 65535, type: 0
2026-07-28 19:26:13 [ERROR] [628394] [628469] [number_mapping.cpp:267] Unknown key: 65535, type: 0
2026-07-28 19:26:13 [ERROR] [628394] [628469] [number_mapping.cpp:267] Unknown key: 65535, type: 0
2026-07-28 19:26:13 [ERROR] [628394] [628469] [number_mapping.cpp:267] Unknown key: 65535, type: 0
2026-07-28 19:26:13 [ERROR] [628394] [628469] [number_mapping.cpp:267] Unknown key: 65535, type: 0
2026-07-28 19:26:13 [ERROR] [628394] [628469] [number_mapping.cpp:267] Unknown key: 65535, type: 0
2026-07-28 19:26:13 [ERROR] [628394] [628469] [number_mapping.cpp:267] Unknown key: 65535, type: 0
2026-07-28 19:26:13 [ERROR] [628394] [628469] [number_mapping.cpp:267] Unknown key: 65535, type: 0
2026-07-28 19:26:13 [ERROR] [628394] [628469] [number_mapping.cpp:267] Unknown key: 65535, type: 0
2026-07-28 19:26:13 [ERROR] [628394] [628469] [number_mapping.cpp:267] Unknown key: 65535, type: 0
2026-07-28 19:26:13 [ERROR] [628394] [628469] [number_mapping.cpp:267] Unknown key: 65535, type: 0
2026-07-28 19:26:13 [ERROR] [628394] [628469] [number_mapping.cpp:267] Unknown key: 65535, type: 0
2026-07-28 19:26:13 [ERROR] [628394] [628469] [number_mapping.cpp:267] Unknown key: 65535, type: 0
2026-07-28 19:26:13 [ERROR] [628394] [628469] [number_mapping.cpp:267] Unknown key: 65535, type: 0
2026-07-28 19:26:13 [ERROR] [628394] [628469] [number_mapping.cpp:267] Unknown key: 65535, type: 0
2026-07-28 19:26:13 [ERROR] [628394] [628469] [number_mapping.cpp:267] Unknown key: 65535, type: 0
2026-07-28 19:26:13 [ERROR] [628394] [628469] [number_mapping.cpp:267] Unknown key: 65535, type: 0
2026-07-28 19:26:13 [ERROR] [628394] [628469] [number_mapping.cpp:267] Unknown key: 65535, type: 0
2026-07-28 19:26:13 [ERROR] [628394] [628469] [number_mapping.cpp:267] Unknown key: 65535, type: 0
2026-07-28 19:26:13 [ERROR] [628394] [628469] [number_mapping.cpp:267] Unknown key: 65535, type: 0
2026-07-28 19:26:13 [ERROR] [628394] [628469] [number_mapping.cpp:267] Unknown key: 65535, type: 0
2026-07-28 19:26:13 [ERROR] [628394] [628469] [number_mapping.cpp:267] Unknown key: 65535, type: 0
2026-07-28 19:26:13 [ERROR] [628394] [628469] [number_mapping.cpp:267] Unknown key: 65535, type: 0
2026-07-28 19:26:13 [ERROR] [628394] [628469] [number_mapping.cpp:267] Unknown key: 65535, type: 0
2026-07-28 19:26:13 [ERROR] [628394] [628469] [number_mapping.cpp:267] Unknown key: 65535, type: 0
2026-07-28 19:26:13 [ERROR] [628394] [628469] [number_mapping.cpp:267] Unknown key: 65535, type: 0
2026-07-28 19:26:13 [ERROR] [628394] [628469] [number_mapping.cpp:267] Unknown key: 65535, type: 0
2026-07-28 19:26:13 [ERROR] [628394] [628469] [number_mapping.cpp:267] Unknown key: 65535, type: 0
2026-07-28 19:26:13 [ERROR] [628394] [628469] [number_mapping.cpp:267] Unknown key: 65535, type: 0
2026-07-28 19:26:13 [ERROR] [628394] [628469] [number_mapping.cpp:267] Unknown key: 65535, type: 0
2026-07-28 19:26:13 [ERROR] [628394] [628469] [number_mapping.cpp:267] Unknown key: 65535, type: 0
2026-07-28 19:26:13 [ERROR] [628394] [628469] [number_mapping.cpp:267] Unknown key: 65535, type: 0
2026-07-28 19:26:13 [ERROR] [628394] [628469] [number_mapping.cpp:267] Unknown key: 65535, type: 0
2026-07-28 19:26:13 [ERROR] [628394] [628469] [number_mapping.cpp:267] Unknown key: 65535, type: 0
2026-07-28 19:26:13 [ERROR] [628394] [628469] [number_mapping.cpp:267] Unknown key: 65535, type: 0
2026-07-28 19:26:13 [ERROR] [628394] [628469] [number_mapping.cpp:267] Unknown key: 65535, type: 0
2026-07-28 19:26:13 [ERROR] [628394] [628469] [number_mapping.cpp:267] Unknown key: 65535, type: 0
2026-07-28 19:26:13 [ERROR] [628394] [628469] [number_mapping.cpp:267] Unknown key: 65535, type: 0
2026-07-28 19:26:13 [ERROR] [628394] [628469] [number_mapping.cpp:267] Unknown key: 65535, type: 0
2026-07-28 19:26:13 [ERROR] [628394] [628469] [number_mapping.cpp:267] Unknown key: 65535, type: 0
2026-07-28 19:26:13 [ERROR] [628394] [628469] [number_mapping.cpp:267] Unknown key: 65535, type: 0
2026-07-28 19:26:13 [ERROR] [628394] [628469] [number_mapping.cpp:267] Unknown key: 65535, type: 0
2026-07-28 19:26:13 [ERROR] [628394] [628469] [number_mapping.cpp:267] Unknown key: 65535, type: 0
2026-07-28 19:26:13 [ERROR] [628394] [628469] [number_mapping.cpp:267] Unknown key: 65535, type: 0
2026-07-28 19:26:13 [ERROR] [628394] [628469] [number_mapping.cpp:267] Unknown key: 65535, type: 0
2026-07-28 19:26:13 [ERROR] [628394] [628469] [number_mapping.cpp:267] Unknown key: 65535, type: 0
2026-07-28 19:26:13 [ERROR] [628394] [628469] [number_mapping.cpp:267] Unknown key: 65535, type: 0
2026-07-28 19:26:13 [ERROR] [628394] [628469] [number_mapping.cpp:267] Unknown key: 65535, type: 0
2026-07-28 19:26:13 [ERROR] [628394] [628469] [number_mapping.cpp:267] Unknown key: 65535, type: 0
2026-07-28 19:26:13 [ERROR] [628394] [628469] [number_mapping.cpp:267] Unknown key: 65535, type: 0
2026-07-28 19:26:13 [ERROR] [628394] [628469] [number_mapping.cpp:267] Unknown key: 65535, type: 0
2026-07-28 19:26:13 [ERROR] [628394] [628469] [number_mapping.cpp:267] Unknown key: 65535, type: 0
2026-07-28 19:26:13 [ERROR] [628394] [628469] [number_mapping.cpp:267] Unknown key: 65535, type: 0
2026-07-28 19:26:13 [ERROR] [628394] [628469] [number_mapping.cpp:267] Unknown key: 65535, type: 0
2026-07-28 19:26:13 [ERROR] [628394] [628469] [number_mapping.cpp:267] Unknown key: 65535, type: 0
2026-07-28 19:26:13 [ERROR] [628394] [628469] [number_mapping.cpp:267] Unknown key: 65535, type: 0
2026-07-28 19:26:13 [ERROR] [628394] [628469] [number_mapping.cpp:267] Unknown key: 65535, type: 0
2026-07-28 19:26:13 [ERROR] [628394] [628469] [number_mapping.cpp:267] Unknown key: 65535, type: 0
2026-07-28 19:26:13 [ERROR] [628394] [628469] [number_mapping.cpp:267] Unknown key: 65535, type: 0
2026-07-28 19:26:13 [ERROR] [628394] [628469] [number_mapping.cpp:267] Unknown key: 65535, type: 0
2026-07-28 19:26:13 [ERROR] [628394] [628469] [number_mapping.cpp:267] Unknown key: 65535, type: 0
2026-07-28 19:26:13 [ERROR] [628394] [628469] [number_mapping.cpp:267] Unknown key: 65535, type: 0
2026-07-28 19:26:13 [ERROR] [628394] [628469] [number_mapping.cpp:267] Unknown key: 65535, type: 0
2026-07-28 19:26:13 [ERROR] [628394] [628469] [number_mapping.cpp:267] Unknown key: 65535, type: 0
2026-07-28 19:26:13 [ERROR] [628394] [628469] [number_mapping.cpp:267] Unknown key: 65535, type: 0
2026-07-28 19:26:13 [ERROR] [628394] [628469] [number_mapping.cpp:267] Unknown key: 65535, type: 0
2026-07-28 19:26:13 [ERROR] [628394] [628469] [number_mapping.cpp:267] Unknown key: 65535, type: 0
2026-07-28 19:26:13 [ERROR] [628394] [628469] [number_mapping.cpp:267] Unknown key: 65535, type: 0
2026-07-28 19:26:13 [ERROR] [628394] [628469] [number_mapping.cpp:267] Unknown key: 65535, type: 0
2026-07-28 19:26:13 [ERROR] [628394] [628469] [number_mapping.cpp:267] Unknown key: 65535, type: 0
2026-07-28 19:26:13 [ERROR] [628394] [628469] [number_mapping.cpp:267] Unknown key: 65535, type: 0
2026-07-28 19:26:13 [ERROR] [628394] [628469] [number_mapping.cpp:267] Unknown key: 65535, type: 0
2026-07-28 19:26:13 [ERROR] [628394] [628469] [number_mapping.cpp:267] Unknown key: 65535, type: 0
2026-07-28 19:26:13 [ERROR] [628394] [628469] [number_mapping.cpp:267] Unknown key: 65535, type: 0
2026-07-28 19:26:13 [ERROR] [628394] [628469] [number_mapping.cpp:267] Unknown key: 65535, type: 0
2026-07-28 19:26:13 [ERROR] [628394] [628469] [number_mapping.cpp:267] Unknown key: 65535, type: 0
2026-07-28 19:26:13 [ERROR] [628394] [628469] [number_mapping.cpp:267] Unknown key: 65535, type: 0
2026-07-28 19:26:13 [ERROR] [628394] [628469] [number_mapping.cpp:267] Unknown key: 65535, type: 0
2026-07-28 19:26:13 [ERROR] [628394] [628469] [number_mapping.cpp:267] Unknown key: 65535, type: 0
2026-07-28 19:26:13 [ERROR] [628394] [628469] [number_mapping.cpp:267] Unknown key: 65535, type: 0
2026-07-28 19:26:13 [ERROR] [628394] [628469] [number_mapping.cpp:267] Unknown key: 65535, type: 0
2026-07-28 19:26:13 [ERROR] [628394] [628469] [number_mapping.cpp:267] Unknown key: 65535, type: 0
2026-07-28 19:26:13 [ERROR] [628394] [628469] [number_mapping.cpp:267] Unknown key: 65535, type: 0
2026-07-28 19:26:13 [ERROR] [628394] [628469] [number_mapping.cpp:267] Unknown key: 65535, type: 0
2026-07-28 19:26:13 [ERROR] [628394] [628469] [number_mapping.cpp:267] Unknown key: 65535, type: 0
2026-07-28 19:26:13 [ERROR] [628394] [628469] [number_mapping.cpp:267] Unknown key: 65535, type: 0
2026-07-28 19:26:13 [ERROR] [628394] [628469] [number_mapping.cpp:267] Unknown key: 65535, type: 0
2026-07-28 19:26:13 [ERROR] [628394] [628469] [number_mapping.cpp:267] Unknown key: 65535, type: 0
2026-07-28 19:26:13 [ERROR] [628394] [628469] [number_mapping.cpp:267] Unknown key: 65535, type: 0
2026-07-28 19:26:13 [ERROR] [628394] [628469] [number_mapping.cpp:267] Unknown key: 65535, type: 0
2026-07-28 19:26:13 [ERROR] [628394] [628469] [number_mapping.cpp:267] Unknown key: 65535, type: 0
2026-07-28 19:26:13 [ERROR] [628394] [628469] [number_mapping.cpp:267] Unknown key: 65535, type: 0
2026-07-28 19:26:13 [ERROR] [628394] [628469] [number_mapping.cpp:267] Unknown key: 65535, type: 0
2026-07-28 19:26:13 [ERROR] [628394] [628469] [number_mapping.cpp:267] Unknown key: 65535, type: 0
2026-07-28 19:26:13 [ERROR] [628394] [628469] [number_mapping.cpp:267] Unknown key: 65535, type: 0
2026-07-28 19:26:13 [ERROR] [628394] [628469] [number_mapping.cpp:267] Unknown key: 65535, type: 0
2026-07-28 19:26:13 [ERROR] [628394] [628469] [number_mapping.cpp:267] Unknown key: 65535, type: 0
2026-07-28 19:26:13 [ERROR] [628394] [628469] [number_mapping.cpp:267] Unknown key: 65535, type: 0
2026-07-28 19:26:13 [ERROR] [628394] [628469] [number_mapping.cpp:267] Unknown key: 65535, type: 0
2026-07-28 19:26:13 [ERROR] [628394] [628469] [number_mapping.cpp:267] Unknown key: 65535, type: 0
2026-07-28 19:26:13 [ERROR] [628394] [628469] [number_mapping.cpp:267] Unknown key: 65535, type: 0
2026-07-28 19:26:13 [ERROR] [628394] [628469] [number_mapping.cpp:267] Unknown key: 65535, type: 0
2026-07-28 19:26:13 [ERROR] [628394] [628469] [number_mapping.cpp:267] Unknown key: 65535, type: 0
2026-07-28 19:26:13 [ERROR] [628394] [628469] [number_mapping.cpp:267] Unknown key: 65535, type: 0
2026-07-28 19:26:13 [ERROR] [628394] [628469] [number_mapping.cpp:267] Unknown key: 65535, type: 0
2026-07-28 19:26:13 [ERROR] [628394] [628469] [number_mapping.cpp:267] Unknown key: 65535, type: 0
2026-07-28 19:26:13 [ERROR] [628394] [628469] [number_mapping.cpp:267] Unknown key: 65535, type: 0
2026-07-28 19:26:13 [ERROR] [628394] [628469] [number_mapping.cpp:267] Unknown key: 65535, type: 0
2026-07-28 19:26:13 [ERROR] [628394] [628469] [number_mapping.cpp:267] Unknown key: 65535, type: 0
2026-07-28 19:26:13 [ERROR] [628394] [628469] [number_mapping.cpp:267] Unknown key: 65535, type: 0
2026-07-28 19:26:13 [ERROR] [628394] [628469] [number_mapping.cpp:267] Unknown key: 65535, type: 0
2026-07-28 19:26:13 [ERROR] [628394] [628469] [number_mapping.cpp:267] Unknown key: 65535, type: 0
2026-07-28 19:26:13 [ERROR] [628394] [628469] [number_mapping.cpp:267] Unknown key: 65535, type: 0
2026-07-28 19:26:13 [ERROR] [628394] [628469] [number_mapping.cpp:267] Unknown key: 65535, type: 0
2026-07-28 19:26:13 [ERROR] [628394] [628469] [number_mapping.cpp:267] Unknown key: 65535, type: 0
2026-07-28 19:26:13 [ERROR] [628394] [628469] [number_mapping.cpp:267] Unknown key: 65535, type: 0
2026-07-28 19:26:13 [ERROR] [628394] [628469] [number_mapping.cpp:267] Unknown key: 65535, type: 0
2026-07-28 19:26:13 [ERROR] [628394] [628469] [number_mapping.cpp:267] Unknown key: 65535, type: 0
2026-07-28 19:26:13 [ERROR] [628394] [628469] [number_mapping.cpp:267] Unknown key: 65535, type: 0
2026-07-28 19:26:13 [ERROR] [628394] [628469] [number_mapping.cpp:267] Unknown key: 65535, type: 0
2026-07-28 19:26:13 [ERROR] [628394] [628469] [number_mapping.cpp:267] Unknown key: 65535, type: 0
2026-07-28 19:26:13 [ERROR] [628394] [628469] [number_mapping.cpp:267] Unknown key: 65535, type: 0
2026-07-28 19:26:13 [ERROR] [628394] [628469] [number_mapping.cpp:267] Unknown key: 65535, type: 0
2026-07-28 19:26:13 [ERROR] [628394] [628469] [number_mapping.cpp:267] Unknown key: 65535, type: 0
2026-07-28 19:26:13 [ERROR] [628394] [628469] [number_mapping.cpp:267] Unknown key: 65535, type: 0
2026-07-28 19:26:13 [ERROR] [628394] [628469] [number_mapping.cpp:267] Unknown key: 65535, type: 0
2026-07-28 19:26:13 [ERROR] [628394] [628469] [number_mapping.cpp:267] Unknown key: 65535, type: 0
2026-07-28 19:26:13 [ERROR] [628394] [628469] [number_mapping.cpp:267] Unknown key: 65535, type: 0
2026-07-28 19:26:13 [ERROR] [628394] [628469] [number_mapping.cpp:267] Unknown key: 65535, type: 0
2026-07-28 19:26:13 [ERROR] [628394] [628469] [number_mapping.cpp:267] Unknown key: 65535, type: 0
2026-07-28 19:26:13 [ERROR] [628394] [628469] [number_mapping.cpp:267] Unknown key: 65535, type: 0
2026-07-28 19:26:13 [ERROR] [628394] [628469] [number_mapping.cpp:267] Unknown key: 65535, type: 0
2026-07-28 19:26:13 [ERROR] [628394] [628469] [number_mapping.cpp:267] Unknown key: 65535, type: 0
2026-07-28 19:26:13 [ERROR] [628394] [628469] [number_mapping.cpp:267] Unknown key: 65535, type: 0
2026-07-28 19:26:13 [ERROR] [628394] [628469] [number_mapping.cpp:267] Unknown key: 65535, type: 0
2026-07-28 19:26:13 [ERROR] [628394] [628469] [number_mapping.cpp:267] Unknown key: 65535, type: 0
2026-07-28 19:26:13 [ERROR] [628394] [628469] [number_mapping.cpp:267] Unknown key: 65535, type: 0
2026-07-28 19:26:13 [ERROR] [628394] [628469] [number_mapping.cpp:267] Unknown key: 65535, type: 0
2026-07-28 19:26:13 [ERROR] [628394] [628469] [number_mapping.cpp:267] Unknown key: 65535, type: 0
2026-07-28 19:26:13 [ERROR] [628394] [628469] [number_mapping.cpp:267] Unknown key: 65535, type: 0
2026-07-28 19:26:13 [ERROR] [628394] [628469] [number_mapping.cpp:267] Unknown key: 65535, type: 0
2026-07-28 19:26:13 [ERROR] [628394] [628469] [number_mapping.cpp:267] Unknown key: 65535, type: 0
2026-07-28 19:26:13 [ERROR] [628394] [628469] [number_mapping.cpp:267] Unknown key: 65535, type: 0
2026-07-28 19:26:13 [ERROR] [628394] [628469] [number_mapping.cpp:267] Unknown key: 65535, type: 0
2026-07-28 19:26:13 [ERROR] [628394] [628469] [number_mapping.cpp:267] Unknown key: 65535, type: 0
2026-07-28 19:26:13 [ERROR] [628394] [628469] [number_mapping.cpp:267] Unknown key: 65535, type: 0
2026-07-28 19:26:13 [ERROR] [628394] [628469] [number_mapping.cpp:267] Unknown key: 65535, type: 0
2026-07-28 19:26:13 [ERROR] [628394] [628469] [number_mapping.cpp:267] Unknown key: 65535, type: 0
2026-07-28 19:26:13 [ERROR] [628394] [628469] [number_mapping.cpp:267] Unknown key: 65535, type: 0
2026-07-28 19:26:13 [ERROR] [628394] [628469] [number_mapping.cpp:267] Unknown key: 65535, type: 0
2026-07-28 19:26:13 [ERROR] [628394] [628469] [number_mapping.cpp:267] Unknown key: 65535, type: 0
2026-07-28 19:26:13 [ERROR] [628394] [628469] [number_mapping.cpp:267] Unknown key: 65535, type: 0
2026-07-28 19:26:13 [ERROR] [628394] [628469] [number_mapping.cpp:267] Unknown key: 65535, type: 0
2026-07-28 19:26:13 [ERROR] [628394] [628469] [number_mapping.cpp:267] Unknown key: 65535, type: 0
2026-07-28 19:26:13 [ERROR] [628394] [628469] [number_mapping.cpp:267] Unknown key: 65535, type: 0
2026-07-28 19:26:13 [ERROR] [628394] [628469] [number_mapping.cpp:267] Unknown key: 65535, type: 0
2026-07-28 19:26:13 [ERROR] [628394] [628469] [number_mapping.cpp:267] Unknown key: 65535, type: 0
2026-07-28 19:26:13 [ERROR] [628394] [628469] [number_mapping.cpp:267] Unknown key: 65535, type: 0
2026-07-28 19:26:13 [ERROR] [628394] [628469] [number_mapping.cpp:267] Unknown key: 65535, type: 0
2026-07-28 19:26:13 [ERROR] [628394] [628469] [number_mapping.cpp:267] Unknown key: 65535, type: 0
2026-07-28 19:26:13 [ERROR] [628394] [628469] [number_mapping.cpp:267] Unknown key: 65535, type: 0
2026-07-28 19:26:13 [ERROR] [628394] [628469] [number_mapping.cpp:267] Unknown key: 65535, type: 0
2026-07-28 19:26:13 [ERROR] [628394] [628469] [number_mapping.cpp:267] Unknown key: 65535, type: 0
2026-07-28 19:26:13 [ERROR] [628394] [628469] [number_mapping.cpp:267] Unknown key: 65535, type: 0
2026-07-28 19:26:13 [ERROR] [628394] [628469] [number_mapping.cpp:267] Unknown key: 65535, type: 0
2026-07-28 19:26:13 [ERROR] [628394] [628469] [number_mapping.cpp:267] Unknown key: 65535, type: 0
2026-07-28 19:26:13 [ERROR] [628394] [628469] [number_mapping.cpp:267] Unknown key: 65535, type: 0
2026-07-28 19:26:13 [ERROR] [628394] [628469] [number_mapping.cpp:267] Unknown key: 65535, type: 0
2026-07-28 19:26:13 [ERROR] [628394] [628469] [number_mapping.cpp:267] Unknown key: 65535, type: 0
2026-07-28 19:26:13 [ERROR] [628394] [628469] [number_mapping.cpp:267] Unknown key: 65535, type: 0
2026-07-28 19:26:13 [ERROR] [628394] [628469] [number_mapping.cpp:267] Unknown key: 65535, type: 0
2026-07-28 19:26:13 [ERROR] [628394] [628469] [number_mapping.cpp:267] Unknown key: 65535, type: 0
2026-07-28 19:26:13 [ERROR] [628394] [628469] [number_mapping.cpp:267] Unknown key: 65535, type: 0
2026-07-28 19:26:13 [ERROR] [628394] [628469] [number_mapping.cpp:267] Unknown key: 65535, type: 0
2026-07-28 19:26:13 [ERROR] [628394] [628469] [number_mapping.cpp:267] Unknown key: 65535, type: 0
2026-07-28 19:26:13 [ERROR] [628394] [628469] [number_mapping.cpp:267] Unknown key: 65535, type: 0
2026-07-28 19:26:13 [ERROR] [628394] [628469] [number_mapping.cpp:267] Unknown key: 65535, type: 0
2026-07-28 19:26:13 [ERROR] [628394] [628469] [number_mapping.cpp:267] Unknown key: 65535, type: 0
2026-07-28 19:26:13 [ERROR] [628394] [628469] [number_mapping.cpp:267] Unknown key: 65535, type: 0
2026-07-28 19:26:13 [ERROR] [628394] [628469] [number_mapping.cpp:267] Unknown key: 65535, type: 0
2026-07-28 19:26:13 [ERROR] [628394] [628469] [number_mapping.cpp:267] Unknown key: 65535, type: 0
2026-07-28 19:26:13 [ERROR] [628394] [628469] [number_mapping.cpp:267] Unknown key: 65535, type: 0
2026-07-28 19:26:13 [ERROR] [628394] [628469] [number_mapping.cpp:267] Unknown key: 65535, type: 0
2026-07-28 19:26:13 [ERROR] [628394] [628469] [number_mapping.cpp:267] Unknown key: 65535, type: 0
2026-07-28 19:26:13 [ERROR] [628394] [628469] [number_mapping.cpp:267] Unknown key: 65535, type: 0
2026-07-28 19:26:13 [ERROR] [628394] [628469] [number_mapping.cpp:267] Unknown key: 65535, type: 0
2026-07-28 19:26:13 [ERROR] [628394] [628469] [number_mapping.cpp:267] Unknown key: 65535, type: 0
2026-07-28 19:26:13 [ERROR] [628394] [628469] [number_mapping.cpp:267] Unknown key: 65535, type: 0
2026-07-28 19:26:13 [ERROR] [628394] [628469] [number_mapping.cpp:267] Unknown key: 65535, type: 0
2026-07-28 19:26:13 [ERROR] [628394] [628469] [number_mapping.cpp:267] Unknown key: 65535, type: 0
2026-07-28 19:26:13 [ERROR] [628394] [628469] [number_mapping.cpp:267] Unknown key: 65535, type: 0
2026-07-28 19:26:13 [ERROR] [628394] [628469] [number_mapping.cpp:267] Unknown key: 65535, type: 0
2026-07-28 19:26:13 [ERROR] [628394] [628469] [number_mapping.cpp:267] Unknown key: 65535, type: 0
2026-07-28 19:26:13 [ERROR] [628394] [628469] [number_mapping.cpp:267] Unknown key: 65535, type: 0
2026-07-28 19:26:13 [ERROR] [628394] [628469] [number_mapping.cpp:267] Unknown key: 65535, type: 0
2026-07-28 19:26:13 [ERROR] [628394] [628469] [number_mapping.cpp:267] Unknown key: 65535, type: 0
2026-07-28 19:26:13 [ERROR] [628394] [628469] [number_mapping.cpp:267] Unknown key: 65535, type: 0
2026-07-28 19:26:13 [ERROR] [628394] [628469] [number_mapping.cpp:267] Unknown key: 65535, type: 0
2026-07-28 19:26:13 [ERROR] [628394] [628469] [number_mapping.cpp:267] Unknown key: 65535, type: 0
2026-07-28 19:26:13 [ERROR] [628394] [628469] [number_mapping.cpp:267] Unknown key: 65535, type: 0
2026-07-28 19:26:13 [ERROR] [628394] [628469] [number_mapping.cpp:267] Unknown key: 65535, type: 0
2026-07-28 19:26:13 [ERROR] [628394] [628469] [number_mapping.cpp:267] Unknown key: 65535, type: 0
2026-07-28 19:26:13 [ERROR] [628394] [628469] [number_mapping.cpp:267] Unknown key: 65535, type: 0
2026-07-28 19:26:13 [ERROR] [628394] [628469] [number_mapping.cpp:267] Unknown key: 65535, type: 0
2026-07-28 19:26:13 [ERROR] [628394] [628469] [number_mapping.cpp:267] Unknown key: 65535, type: 0
2026-07-28 19:26:13 [ERROR] [628394] [628469] [number_mapping.cpp:267] Unknown key: 65535, type: 0
2026-07-28 19:26:13 [ERROR] [628394] [628469] [number_mapping.cpp:267] Unknown key: 65535, type: 0
2026-07-28 19:26:13 [ERROR] [628394] [628469] [number_mapping.cpp:267] Unknown key: 65535, type: 0
2026-07-28 19:26:13 [ERROR] [628394] [628469] [number_mapping.cpp:267] Unknown key: 65535, type: 0
2026-07-28 19:26:13 [ERROR] [628394] [628469] [number_mapping.cpp:267] Unknown key: 65535, type: 0
2026-07-28 19:26:13 [ERROR] [628394] [628469] [number_mapping.cpp:267] Unknown key: 65535, type: 0
2026-07-28 19:26:13 [ERROR] [628394] [628469] [number_mapping.cpp:267] Unknown key: 65535, type: 0
2026-07-28 19:26:13 [ERROR] [628394] [628469] [number_mapping.cpp:267] Unknown key: 65535, type: 0
2026-07-28 19:26:13 [ERROR] [628394] [628469] [number_mapping.cpp:267] Unknown key: 65535, type: 0
2026-07-28 19:26:13 [ERROR] [628394] [628469] [number_mapping.cpp:267] Unknown key: 65535, type: 0
2026-07-28 19:26:13 [ERROR] [628394] [628469] [number_mapping.cpp:267] Unknown key: 65535, type: 0
2026-07-28 19:26:13 [ERROR] [628394] [628469] [number_mapping.cpp:267] Unknown key: 65535, type: 0
2026-07-28 19:26:13 [ERROR] [628394] [628469] [number_mapping.cpp:267] Unknown key: 65535, type: 0
2026-07-28 19:26:13 [ERROR] [628394] [628469] [number_mapping.cpp:267] Unknown key: 65535, type: 0
2026-07-28 19:26:13 [ERROR] [628394] [628469] [number_mapping.cpp:267] Unknown key: 65535, type: 0
2026-07-28 19:26:13 [ERROR] [628394] [628469] [number_mapping.cpp:267] Unknown key: 65535, type: 0
2026-07-28 19:26:13 [ERROR] [628394] [628469] [number_mapping.cpp:267] Unknown key: 65535, type: 0
2026-07-28 19:26:13 [ERROR] [628394] [628469] [number_mapping.cpp:267] Unknown key: 65535, type: 0
2026-07-28 19:26:13 [ERROR] [628394] [628469] [number_mapping.cpp:267] Unknown key: 65535, type: 0
2026-07-28 19:26:13 [ERROR] [628394] [628469] [number_mapping.cpp:267] Unknown key: 65535, type: 0
2026-07-28 19:26:13 [ERROR] [628394] [628469] [number_mapping.cpp:267] Unknown key: 65535, type: 0
2026-07-28 19:26:13 [ERROR] [628394] [628469] [number_mapping.cpp:267] Unknown key: 65535, type: 0
2026-07-28 19:26:13 [ERROR] [628394] [628469] [number_mapping.cpp:267] Unknown key: 65535, type: 0
2026-07-28 19:26:13 [ERROR] [628394] [628469] [number_mapping.cpp:267] Unknown key: 65535, type: 0
2026-07-28 19:26:13 [ERROR] [628394] [628469] [number_mapping.cpp:267] Unknown key: 65535, type: 0
2026-07-28 19:26:13 [ERROR] [628394] [628469] [number_mapping.cpp:267] Unknown key: 65535, type: 0
2026-07-28 19:26:13 [ERROR] [628394] [628469] [number_mapping.cpp:267] Unknown key: 65535, type: 0
2026-07-28 19:26:13 [ERROR] [628394] [628469] [number_mapping.cpp:267] Unknown key: 65535, type: 0
2026-07-28 19:26:13 [ERROR] [628394] [628469] [number_mapping.cpp:267] Unknown key: 65535, type: 0
2026-07-28 19:26:13 [ERROR] [628394] [628469] [number_mapping.cpp:267] Unknown key: 65535, type: 0
2026-07-28 19:26:13 [ERROR] [628394] [628469] [number_mapping.cpp:267] Unknown key: 65535, type: 0
2026-07-28 19:26:13 [ERROR] [628394] [628469] [number_mapping.cpp:267] Unknown key: 65535, type: 0
2026-07-28 19:26:13 [ERROR] [628394] [628469] [number_mapping.cpp:267] Unknown key: 65535, type: 0
2026-07-28 19:26:13 [ERROR] [628394] [628469] [number_mapping.cpp:267] Unknown key: 65535, type: 0
2026-07-28 19:26:13 [ERROR] [628394] [628469] [number_mapping.cpp:267] Unknown key: 65535, type: 0
2026-07-28 19:26:13 [ERROR] [628394] [628469] [number_mapping.cpp:267] Unknown key: 65535, type: 0
2026-07-28 19:26:13 [ERROR] [628394] [628469] [number_mapping.cpp:267] Unknown key: 65535, type: 0
2026-07-28 19:26:13 [ERROR] [628394] [628469] [number_mapping.cpp:267] Unknown key: 65535, type: 0
2026-07-28 19:26:13 [ERROR] [628394] [628469] [number_mapping.cpp:267] Unknown key: 65535, type: 0
2026-07-28 19:26:13 [ERROR] [628394] [628469] [number_mapping.cpp:267] Unknown key: 65535, type: 0
2026-07-28 19:26:13 [ERROR] [628394] [628469] [number_mapping.cpp:267] Unknown key: 65535, type: 0
2026-07-28 19:26:13 [ERROR] [628394] [628469] [number_mapping.cpp:267] Unknown key: 65535, type: 0
2026-07-28 19:26:13 [ERROR] [628394] [628469] [number_mapping.cpp:267] Unknown key: 65535, type: 0
2026-07-28 19:26:13 [ERROR] [628394] [628469] [number_mapping.cpp:267] Unknown key: 65535, type: 0
2026-07-28 19:26:13 [ERROR] [628394] [628469] [number_mapping.cpp:267] Unknown key: 65535, type: 0
2026-07-28 19:26:13 [ERROR] [628394] [628469] [number_mapping.cpp:267] Unknown key: 65535, type: 0
2026-07-28 19:26:13 [ERROR] [628394] [628469] [number_mapping.cpp:267] Unknown key: 65535, type: 0
2026-07-28 19:26:13 [ERROR] [628394] [628469] [number_mapping.cpp:267] Unknown key: 65535, type: 0
2026-07-28 19:26:13 [ERROR] [628394] [628469] [number_mapping.cpp:267] Unknown key: 65535, type: 0
2026-07-28 19:26:13 [ERROR] [628394] [628469] [number_mapping.cpp:267] Unknown key: 65535, type: 0
2026-07-28 19:26:13 [ERROR] [628394] [628469] [number_mapping.cpp:267] Unknown key: 65535, type: 0
2026-07-28 19:26:13 [ERROR] [628394] [628469] [number_mapping.cpp:267] Unknown key: 65535, type: 0
2026-07-28 19:26:13 [ERROR] [628394] [628469] [number_mapping.cpp:267] Unknown key: 65535, type: 0
2026-07-28 19:26:13 [ERROR] [628394] [628469] [number_mapping.cpp:267] Unknown key: 65535, type: 0
2026-07-28 19:26:13 [ERROR] [628394] [628469] [number_mapping.cpp:267] Unknown key: 65535, type: 0
2026-07-28 19:26:13 [ERROR] [628394] [628469] [number_mapping.cpp:267] Unknown key: 65535, type: 0
2026-07-28 19:26:13 [ERROR] [628394] [628469] [number_mapping.cpp:267] Unknown key: 65535, type: 0
2026-07-28 19:26:13 [ERROR] [628394] [628469] [number_mapping.cpp:267] Unknown key: 65535, type: 0
2026-07-28 19:26:13 [ERROR] [628394] [628469] [number_mapping.cpp:267] Unknown key: 65535, type: 0
2026-07-28 19:26:13 [ERROR] [628394] [628469] [number_mapping.cpp:267] Unknown key: 65535, type: 0
2026-07-28 19:26:13 [ERROR] [628394] [628469] [number_mapping.cpp:267] Unknown key: 65535, type: 0
2026-07-28 19:26:13 [ERROR] [628394] [628469] [number_mapping.cpp:267] Unknown key: 65535, type: 0
2026-07-28 19:26:13 [ERROR] [628394] [628469] [number_mapping.cpp:267] Unknown key: 65535, type: 0
2026-07-28 19:26:13 [ERROR] [628394] [628469] [number_mapping.cpp:267] Unknown key: 65535, type: 0
2026-07-28 19:26:13 [ERROR] [628394] [628469] [number_mapping.cpp:267] Unknown key: 65535, type: 0
2026-07-28 19:26:13 [ERROR] [628394] [628469] [number_mapping.cpp:267] Unknown key: 65535, type: 0
2026-07-28 19:26:13 [ERROR] [628394] [628469] [number_mapping.cpp:267] Unknown key: 65535, type: 0
2026-07-28 19:26:13 [ERROR] [628394] [628469] [number_mapping.cpp:267] Unknown key: 65535, type: 0
2026-07-28 19:26:13 [ERROR] [628394] [628469] [number_mapping.cpp:267] Unknown key: 65535, type: 0
2026-07-28 19:26:13 [ERROR] [628394] [628469] [number_mapping.cpp:267] Unknown key: 65535, type: 0
2026-07-28 19:26:13 [ERROR] [628394] [628469] [number_mapping.cpp:267] Unknown key: 65535, type: 0
2026-07-28 19:26:13 [ERROR] [628394] [628469] [number_mapping.cpp:267] Unknown key: 65535, type: 0
2026-07-28 19:26:13 [ERROR] [628394] [628469] [number_mapping.cpp:267] Unknown key: 65535, type: 0
2026-07-28 19:26:13 [ERROR] [628394] [628469] [number_mapping.cpp:267] Unknown key: 65535, type: 0
2026-07-28 19:26:13 [ERROR] [628394] [628469] [number_mapping.cpp:267] Unknown key: 65535, type: 0
2026-07-28 19:26:13 [ERROR] [628394] [628469] [number_mapping.cpp:267] Unknown key: 65535, type: 0
2026-07-28 19:26:13 [ERROR] [628394] [628469] [number_mapping.cpp:267] Unknown key: 65535, type: 0
2026-07-28 19:26:13 [ERROR] [628394] [628469] [number_mapping.cpp:267] Unknown key: 65535, type: 0
2026-07-28 19:26:13 [ERROR] [628394] [628469] [number_mapping.cpp:267] Unknown key: 65535, type: 0
2026-07-28 19:26:13 [ERROR] [628394] [628469] [number_mapping.cpp:267] Unknown key: 65535, type: 0
2026-07-28 19:26:13 [ERROR] [628394] [628469] [number_mapping.cpp:267] Unknown key: 65535, type: 0
2026-07-28 19:26:13 [ERROR] [628394] [628469] [number_mapping.cpp:267] Unknown key: 65535, type: 0
2026-07-28 19:26:13 [ERROR] [628394] [628469] [number_mapping.cpp:267] Unknown key: 65535, type: 0
2026-07-28 19:26:13 [ERROR] [628394] [628469] [number_mapping.cpp:267] Unknown key: 65535, type: 0
2026-07-28 19:26:13 [ERROR] [628394] [628469] [number_mapping.cpp:267] Unknown key: 65535, type: 0
2026-07-28 19:26:13 [ERROR] [628394] [628469] [number_mapping.cpp:267] Unknown key: 65535, type: 0
2026-07-28 19:26:13 [ERROR] [628394] [628469] [number_mapping.cpp:267] Unknown key: 65535, type: 0
2026-07-28 19:26:13 [ERROR] [628394] [628469] [number_mapping.cpp:267] Unknown key: 65535, type: 0
2026-07-28 19:26:13 [ERROR] [628394] [628469] [number_mapping.cpp:267] Unknown key: 65535, type: 0
2026-07-28 19:26:13 [ERROR] [628394] [628469] [number_mapping.cpp:267] Unknown key: 65535, type: 0
2026-07-28 19:26:13 [ERROR] [628394] [628469] [number_mapping.cpp:267] Unknown key: 65535, type: 0
2026-07-28 19:26:13 [ERROR] [628394] [628469] [number_mapping.cpp:267] Unknown key: 65535, type: 0
2026-07-28 19:26:13 [ERROR] [628394] [628469] [number_mapping.cpp:267] Unknown key: 65535, type: 0
2026-07-28 19:26:13 [ERROR] [628394] [628469] [number_mapping.cpp:267] Unknown key: 65535, type: 0
2026-07-28 19:26:13 [ERROR] [628394] [628469] [number_mapping.cpp:267] Unknown key: 65535, type: 0
2026-07-28 19:26:13 [ERROR] [628394] [628469] [number_mapping.cpp:267] Unknown key: 65535, type: 0
2026-07-28 19:26:13 [ERROR] [628394] [628469] [number_mapping.cpp:267] Unknown key: 65535, type: 0
2026-07-28 19:26:13 [ERROR] [628394] [628469] [number_mapping.cpp:267] Unknown key: 65535, type: 0
2026-07-28 19:26:13 [ERROR] [628394] [628469] [number_mapping.cpp:267] Unknown key: 65535, type: 0
2026-07-28 19:26:13 [ERROR] [628394] [628469] [number_mapping.cpp:267] Unknown key: 65535, type: 0
2026-07-28 19:26:13 [ERROR] [628394] [628469] [number_mapping.cpp:267] Unknown key: 65535, type: 0
2026-07-28 19:26:13 [ERROR] [628394] [628469] [number_mapping.cpp:267] Unknown key: 65535, type: 0
2026-07-28 19:26:13 [ERROR] [628394] [628469] [number_mapping.cpp:267] Unknown key: 65535, type: 0
2026-07-28 19:26:13 [ERROR] [628394] [628469] [number_mapping.cpp:267] Unknown key: 65535, type: 0
2026-07-28 19:26:13 [ERROR] [628394] [628469] [number_mapping.cpp:267] Unknown key: 65535, type: 0
2026-07-28 19:26:13 [ERROR] [628394] [628469] [number_mapping.cpp:267] Unknown key: 65535, type: 0
2026-07-28 19:26:13 [ERROR] [628394] [628469] [number_mapping.cpp:267] Unknown key: 65535, type: 0
2026-07-28 19:26:13 [ERROR] [628394] [628469] [number_mapping.cpp:267] Unknown key: 65535, type: 0
2026-07-28 19:26:13 [ERROR] [628394] [628469] [number_mapping.cpp:267] Unknown key: 65535, type: 0
2026-07-28 19:26:13 [ERROR] [628394] [628469] [number_mapping.cpp:267] Unknown key: 65535, type: 0
2026-07-28 19:26:13 [ERROR] [628394] [628469] [number_mapping.cpp:267] Unknown key: 65535, type: 0
2026-07-28 19:26:13 [ERROR] [628394] [628469] [number_mapping.cpp:267] Unknown key: 65535, type: 0
2026-07-28 19:26:13 [ERROR] [628394] [628469] [number_mapping.cpp:267] Unknown key: 65535, type: 0
2026-07-28 19:26:13 [ERROR] [628394] [628469] [number_mapping.cpp:267] Unknown key: 65535, type: 0
2026-07-28 19:26:13 [ERROR] [628394] [628469] [number_mapping.cpp:267] Unknown key: 65535, type: 0
2026-07-28 19:26:13 [ERROR] [628394] [628469] [number_mapping.cpp:267] Unknown key: 65535, type: 0
2026-07-28 19:26:13 [ERROR] [628394] [628469] [number_mapping.cpp:267] Unknown key: 65535, type: 0
2026-07-28 19:26:13 [ERROR] [628394] [628469] [number_mapping.cpp:267] Unknown key: 65535, type: 0
2026-07-28 19:26:13 [ERROR] [628394] [628469] [number_mapping.cpp:267] Unknown key: 65535, type: 0
2026-07-28 19:26:13 [ERROR] [628394] [628469] [number_mapping.cpp:267] Unknown key: 65535, type: 0
2026-07-28 19:26:13 [ERROR] [628394] [628469] [number_mapping.cpp:267] Unknown key: 65535, type: 0
2026-07-28 19:26:13 [ERROR] [628394] [628469] [number_mapping.cpp:267] Unknown key: 65535, type: 0
2026-07-28 19:26:13 [ERROR] [628394] [628469] [number_mapping.cpp:267] Unknown key: 65535, type: 0
2026-07-28 19:26:13 [ERROR] [628394] [628469] [number_mapping.cpp:267] Unknown key: 65535, type: 0
2026-07-28 19:26:13 [ERROR] [628394] [628469] [number_mapping.cpp:267] Unknown key: 65535, type: 0
2026-07-28 19:26:13 [ERROR] [628394] [628469] [number_mapping.cpp:267] Unknown key: 65535, type: 0
2026-07-28 19:26:13 [ERROR] [628394] [628469] [number_mapping.cpp:267] Unknown key: 65535, type: 0
2026-07-28 19:26:13 [ERROR] [628394] [628469] [number_mapping.cpp:267] Unknown key: 65535, type: 0
2026-07-28 19:26:13 [ERROR] [628394] [628469] [number_mapping.cpp:267] Unknown key: 65535, type: 0
2026-07-28 19:26:13 [ERROR] [628394] [628469] [number_mapping.cpp:267] Unknown key: 65535, type: 0
2026-07-28 19:26:13 [ERROR] [628394] [628469] [number_mapping.cpp:267] Unknown key: 65535, type: 0
2026-07-28 19:26:13 [ERROR] [628394] [628469] [number_mapping.cpp:267] Unknown key: 65535, type: 0
2026-07-28 19:26:13 [ERROR] [628394] [628469] [number_mapping.cpp:267] Unknown key: 65535, type: 0
2026-07-28 19:26:13 [ERROR] [628394] [628469] [number_mapping.cpp:267] Unknown key: 65535, type: 0
2026-07-28 19:26:13 [ERROR] [628394] [628469] [number_mapping.cpp:267] Unknown key: 65535, type: 0
2026-07-28 19:26:13 [ERROR] [628394] [628469] [number_mapping.cpp:267] Unknown key: 65535, type: 0
2026-07-28 19:26:13 [ERROR] [628394] [628469] [number_mapping.cpp:267] Unknown key: 65535, type: 0
2026-07-28 19:26:13 [ERROR] [628394] [628469] [number_mapping.cpp:267] Unknown key: 65535, type: 0
2026-07-28 19:26:13 [ERROR] [628394] [628469] [number_mapping.cpp:267] Unknown key: 65535, type: 0
2026-07-28 19:26:13 [ERROR] [628394] [628469] [number_mapping.cpp:267] Unknown key: 65535, type: 0
2026-07-28 19:26:13 [ERROR] [628394] [628469] [number_mapping.cpp:267] Unknown key: 65535, type: 0
2026-07-28 19:26:13 [ERROR] [628394] [628469] [number_mapping.cpp:267] Unknown key: 65535, type: 0
2026-07-28 19:26:13 [ERROR] [628394] [628469] [number_mapping.cpp:267] Unknown key: 65535, type: 0
2026-07-28 19:26:13 [ERROR] [628394] [628469] [number_mapping.cpp:267] Unknown key: 65535, type: 0
2026-07-28 19:26:13 [ERROR] [628394] [628469] [number_mapping.cpp:267] Unknown key: 65535, type: 0
2026-07-28 19:26:13 [ERROR] [628394] [628469] [number_mapping.cpp:267] Unknown key: 65535, type: 0
2026-07-28 19:26:13 [ERROR] [628394] [628469] [number_mapping.cpp:267] Unknown key: 65535, type: 0
2026-07-28 19:26:13 [ERROR] [628394] [628469] [number_mapping.cpp:267] Unknown key: 65535, type: 0
2026-07-28 19:26:13 [ERROR] [628394] [628469] [number_mapping.cpp:267] Unknown key: 65535, type: 0
2026-07-28 19:26:13 [ERROR] [628394] [628469] [number_mapping.cpp:267] Unknown key: 65535, type: 0
2026-07-28 19:26:13 [ERROR] [628394] [628469] [number_mapping.cpp:267] Unknown key: 65535, type: 0
2026-07-28 19:26:13 [ERROR] [628394] [628469] [number_mapping.cpp:267] Unknown key: 65535, type: 0
2026-07-28 19:26:13 [ERROR] [628394] [628469] [number_mapping.cpp:267] Unknown key: 65535, type: 0
2026-07-28 19:26:13 [ERROR] [628394] [628469] [number_mapping.cpp:267] Unknown key: 65535, type: 0
2026-07-28 19:26:13 [ERROR] [628394] [628469] [number_mapping.cpp:267] Unknown key: 65535, type: 0
2026-07-28 19:26:13 [ERROR] [628394] [628469] [number_mapping.cpp:267] Unknown key: 65535, type: 0
2026-07-28 19:26:13 [ERROR] [628394] [628469] [number_mapping.cpp:267] Unknown key: 65535, type: 0
2026-07-28 19:26:13 [ERROR] [628394] [628469] [number_mapping.cpp:267] Unknown key: 65535, type: 0
2026-07-28 19:26:13 [ERROR] [628394] [628469] [number_mapping.cpp:267] Unknown key: 65535, type: 0
2026-07-28 19:26:13 [ERROR] [628394] [628469] [number_mapping.cpp:267] Unknown key: 65535, type: 0
2026-07-28 19:26:13 [ERROR] [628394] [628469] [number_mapping.cpp:267] Unknown key: 65535, type: 0
2026-07-28 19:26:13 [ERROR] [628394] [628469] [number_mapping.cpp:267] Unknown key: 65535, type: 0
2026-07-28 19:26:13 [ERROR] [628394] [628469] [number_mapping.cpp:267] Unknown key: 65535, type: 0
2026-07-28 19:26:13 [ERROR] [628394] [628469] [number_mapping.cpp:267] Unknown key: 65535, type: 0
2026-07-28 19:26:13 [ERROR] [628394] [628469] [number_mapping.cpp:267] Unknown key: 65535, type: 0
2026-07-28 19:26:13 [ERROR] [628394] [628469] [number_mapping.cpp:267] Unknown key: 65535, type: 0
2026-07-28 19:26:13 [ERROR] [628394] [628469] [number_mapping.cpp:267] Unknown key: 65535, type: 0
2026-07-28 19:26:13 [ERROR] [628394] [628469] [number_mapping.cpp:267] Unknown key: 65535, type: 0
2026-07-28 19:26:13 [ERROR] [628394] [628469] [number_mapping.cpp:267] Unknown key: 65535, type: 0
2026-07-28 19:26:13 [ERROR] [628394] [628469] [number_mapping.cpp:267] Unknown key: 65535, type: 0
2026-07-28 19:26:13 [ERROR] [628394] [628469] [number_mapping.cpp:267] Unknown key: 65535, type: 0
2026-07-28 19:26:13 [ERROR] [628394] [628469] [number_mapping.cpp:267] Unknown key: 65535, type: 0
2026-07-28 19:26:13 [ERROR] [628394] [628469] [number_mapping.cpp:267] Unknown key: 65535, type: 0
2026-07-28 19:26:13 [ERROR] [628394] [628469] [number_mapping.cpp:267] Unknown key: 65535, type: 0
2026-07-28 19:26:13 [ERROR] [628394] [628469] [number_mapping.cpp:267] Unknown key: 65535, type: 0
2026-07-28 19:26:13 [ERROR] [628394] [628469] [number_mapping.cpp:267] Unknown key: 65535, type: 0
2026-07-28 19:26:13 [ERROR] [628394] [628469] [number_mapping.cpp:267] Unknown key: 65535, type: 0
2026-07-28 19:26:13 [ERROR] [628394] [628469] [number_mapping.cpp:267] Unknown key: 65535, type: 0
2026-07-28 19:26:13 [ERROR] [628394] [628469] [number_mapping.cpp:267] Unknown key: 65535, type: 0
2026-07-28 19:26:13 [ERROR] [628394] [628469] [number_mapping.cpp:267] Unknown key: 65535, type: 0
2026-07-28 19:26:13 [ERROR] [628394] [628469] [number_mapping.cpp:267] Unknown key: 65535, type: 0
2026-07-28 19:26:13 [ERROR] [628394] [628469] [number_mapping.cpp:267] Unknown key: 65535, type: 0
2026-07-28 19:26:13 [ERROR] [628394] [628469] [number_mapping.cpp:267] Unknown key: 65535, type: 0
2026-07-28 19:26:13 [ERROR] [628394] [628469] [number_mapping.cpp:267] Unknown key: 65535, type: 0
2026-07-28 19:26:13 [ERROR] [628394] [628469] [number_mapping.cpp:267] Unknown key: 65535, type: 0
2026-07-28 19:26:13 [ERROR] [628394] [628469] [number_mapping.cpp:267] Unknown key: 65535, type: 0
2026-07-28 19:26:13 [ERROR] [628394] [628469] [number_mapping.cpp:267] Unknown key: 65535, type: 0
2026-07-28 19:26:13 [ERROR] [628394] [628469] [number_mapping.cpp:267] Unknown key: 65535, type: 0
2026-07-28 19:26:13 [ERROR] [628394] [628469] [number_mapping.cpp:267] Unknown key: 65535, type: 0
2026-07-28 19:26:13 [ERROR] [628394] [628469] [number_mapping.cpp:267] Unknown key: 65535, type: 0
2026-07-28 19:26:13 [ERROR] [628394] [628469] [number_mapping.cpp:267] Unknown key: 65535, type: 0
2026-07-28 19:26:13 [ERROR] [628394] [628469] [number_mapping.cpp:267] Unknown key: 65535, type: 0
2026-07-28 19:26:13 [ERROR] [628394] [628469] [number_mapping.cpp:267] Unknown key: 65535, type: 0
2026-07-28 19:26:13 [ERROR] [628394] [628469] [number_mapping.cpp:267] Unknown key: 65535, type: 0
2026-07-28 19:26:13 [ERROR] [628394] [628469] [number_mapping.cpp:267] Unknown key: 65535, type: 0
2026-07-28 19:26:13 [ERROR] [628394] [628469] [number_mapping.cpp:267] Unknown key: 65535, type: 0
2026-07-28 19:26:13 [ERROR] [628394] [628469] [number_mapping.cpp:267] Unknown key: 65535, type: 0
2026-07-28 19:26:13 [ERROR] [628394] [628469] [number_mapping.cpp:267] Unknown key: 65535, type: 0
2026-07-28 19:26:13 [ERROR] [628394] [628469] [number_mapping.cpp:267] Unknown key: 65535, type: 0
2026-07-28 19:26:13 [ERROR] [628394] [628469] [number_mapping.cpp:267] Unknown key: 65535, type: 0
2026-07-28 19:26:13 [ERROR] [628394] [628469] [number_mapping.cpp:267] Unknown key: 65535, type: 0
2026-07-28 19:26:13 [ERROR] [628394] [628469] [number_mapping.cpp:267] Unknown key: 65535, type: 0
2026-07-28 19:26:13 [ERROR] [628394] [628469] [number_mapping.cpp:267] Unknown key: 65535, type: 0
2026-07-28 19:26:13 [ERROR] [628394] [628469] [number_mapping.cpp:267] Unknown key: 65535, type: 0
2026-07-28 19:26:13 [ERROR] [628394] [628469] [number_mapping.cpp:267] Unknown key: 65535, type: 0
2026-07-28 19:26:13 [ERROR] [628394] [628469] [number_mapping.cpp:267] Unknown key: 65535, type: 0
2026-07-28 19:26:13 [ERROR] [628394] [628469] [number_mapping.cpp:267] Unknown key: 65535, type: 0
2026-07-28 19:26:13 [ERROR] [628394] [628469] [number_mapping.cpp:267] Unknown key: 65535, type: 0
2026-07-28 19:26:13 [ERROR] [628394] [628469] [number_mapping.cpp:267] Unknown key: 65535, type: 0
2026-07-28 19:26:13 [ERROR] [628394] [628469] [number_mapping.cpp:267] Unknown key: 65535, type: 0
2026-07-28 19:26:13 [ERROR] [628394] [628469] [number_mapping.cpp:267] Unknown key: 65535, type: 0
2026-07-28 19:26:13 [ERROR] [628394] [628469] [number_mapping.cpp:267] Unknown key: 65535, type: 0
2026-07-28 19:26:13 [ERROR] [628394] [628469] [number_mapping.cpp:267] Unknown key: 65535, type: 0
2026-07-28 19:26:13 [ERROR] [628394] [628469] [number_mapping.cpp:267] Unknown key: 65535, type: 0
2026-07-28 19:26:13 [ERROR] [628394] [628469] [number_mapping.cpp:267] Unknown key: 65535, type: 0
2026-07-28 19:26:13 [ERROR] [628394] [628469] [number_mapping.cpp:267] Unknown key: 65535, type: 0
2026-07-28 19:26:13 [ERROR] [628394] [628469] [number_mapping.cpp:267] Unknown key: 65535, type: 0
2026-07-28 19:26:13 [ERROR] [628394] [628469] [number_mapping.cpp:267] Unknown key: 65535, type: 0
2026-07-28 19:26:13 [ERROR] [628394] [628469] [number_mapping.cpp:267] Unknown key: 65535, type: 0
2026-07-28 19:26:13 [ERROR] [628394] [628469] [number_mapping.cpp:267] Unknown key: 65535, type: 0
2026-07-28 19:26:13 [ERROR] [628394] [628469] [number_mapping.cpp:267] Unknown key: 65535, type: 0
2026-07-28 19:26:13 [ERROR] [628394] [628469] [number_mapping.cpp:267] Unknown key: 65535, type: 0
2026-07-28 19:26:13 [ERROR] [628394] [628469] [number_mapping.cpp:267] Unknown key: 65535, type: 0
2026-07-28 19:26:13 [ERROR] [628394] [628469] [number_mapping.cpp:267] Unknown key: 65535, type: 0
2026-07-28 19:26:13 [ERROR] [628394] [628469] [number_mapping.cpp:267] Unknown key: 65535, type: 0
2026-07-28 19:26:13 [ERROR] [628394] [628469] [number_mapping.cpp:267] Unknown key: 65535, type: 0
2026-07-28 19:26:13 [ERROR] [628394] [628469] [number_mapping.cpp:267] Unknown key: 65535, type: 0
2026-07-28 19:26:13 [ERROR] [628394] [628469] [number_mapping.cpp:267] Unknown key: 65535, type: 0
2026-07-28 19:26:13 [ERROR] [628394] [628469] [number_mapping.cpp:267] Unknown key: 65535, type: 0
2026-07-28 19:26:13 [ERROR] [628394] [628469] [number_mapping.cpp:267] Unknown key: 65535, type: 0
2026-07-28 19:26:13 [INFO] [628394] [628407] [db_runner.h:68] insert data to ApiData success
2026-07-28 19:26:13 [ERROR] [628394] [628469] [number_mapping.cpp:267] Unknown key: 65535, type: 0
2026-07-28 19:26:13 [ERROR] [628394] [628469] [number_mapping.cpp:267] Unknown key: 65535, type: 0
2026-07-28 19:26:13 [ERROR] [628394] [628469] [number_mapping.cpp:267] Unknown key: 65535, type: 0
2026-07-28 19:26:13 [ERROR] [628394] [628469] [number_mapping.cpp:267] Unknown key: 65535, type: 0
2026-07-28 19:26:13 [ERROR] [628394] [628469] [number_mapping.cpp:267] Unknown key: 65535, type: 0
2026-07-28 19:26:13 [INFO] [628394] [628407] [base_dumper.h:52] Dump ApiData data success
2026-07-28 19:26:13 [ERROR] [628394] [628469] [number_mapping.cpp:267] Unknown key: 65535, type: 0
2026-07-28 19:26:13 [ERROR] [628394] [628469] [number_mapping.cpp:267] Unknown key: 65535, type: 0
2026-07-28 19:26:13 [ERROR] [628394] [628469] [number_mapping.cpp:267] Unknown key: 65535, type: 0
2026-07-28 19:26:13 [ERROR] [628394] [628469] [number_mapping.cpp:267] Unknown key: 65535, type: 0
2026-07-28 19:26:13 [ERROR] [628394] [628469] [number_mapping.cpp:267] Unknown key: 65535, type: 0
2026-07-28 19:26:13 [ERROR] [628394] [628469] [number_mapping.cpp:267] Unknown key: 65535, type: 0
2026-07-28 19:26:13 [INFO] [628394] [628469] [db_runner.h:57] Start insert data to TaskInfo
2026-07-28 19:26:13 [INFO] [628394] [628467] [db_runner.h:68] insert data to HostTask success
2026-07-28 19:26:13 [INFO] [628394] [628407] [time_logger.h:35] Dump api data start end, cost time = 487 ms
2026-07-28 19:26:13 [INFO] [628394] [628467] [time_logger.h:35] Dump host tasks end, cost time = 235 ms
2026-07-28 19:26:13 [INFO] [628394] [628469] [db_runner.h:68] insert data to TaskInfo success
2026-07-28 19:26:13 [INFO] [628394] [628469] [time_logger.h:35] DumpOpDesc Start end, cost time = 295 ms
2026-07-28 19:26:13 [INFO] [628394] [628445] [time_logger.h:35] Dump CANN data end, cost time = 299 ms
2026-07-28 19:26:13 [INFO] [628394] [628445] [host_trace_worker.cpp:100] Dump cann trace data done, threadId = 626635
2026-07-28 19:26:13 [INFO] [628394] [628409] [time_logger.h:35] Multi thread analyze tree and dump data end, cost time = 511 ms
2026-07-28 19:26:13 [INFO] [628394] [628394] [time_logger.h:28] Dump memcpy info data start start
2026-07-28 19:26:13 [INFO] [628394] [628394] [db_runner.cpp:49] Start create MemcpyInfo
2026-07-28 19:26:13 [INFO] [628394] [628394] [db_runner.cpp:62] create MemcpyInfo success
2026-07-28 19:26:13 [INFO] [628394] [628394] [db_runner.h:75] Start query data
2026-07-28 19:26:13 [INFO] [628394] [628394] [db_runner.h:86] Query data success: SELECT thread_id, timestamp, stream_id, batch_id, task_id, device_id FROM HostTask WHERE task_type='MEMCPY_ASYNC' ORDER BY batch_id ASC, task_id ASC;
2026-07-28 19:26:13 [INFO] [628394] [628394] [db_runner.h:57] Start insert data to MemcpyInfo
2026-07-28 19:26:13 [INFO] [628394] [628394] [db_runner.h:68] insert data to MemcpyInfo success
2026-07-28 19:26:13 [INFO] [628394] [628394] [base_dumper.h:52] Dump MemcpyInfo data success
2026-07-28 19:26:13 [INFO] [628394] [628394] [time_logger.h:35] Dump memcpy info data start end, cost time = 11 ms
2026-07-28 19:26:13 [INFO] [628394] [628394] [time_logger.h:35] HostTraceWorker end, cost time = 749 ms
